,taxon_name_w_authors,v10_accepted_name_w_author,v13_taxon_name_w_authors,v13_chained_accepted_name_w_author,v13_chained_accepted_species,v13_direct_accepted_name_w_author,v13_direct_accepted_species,v13_chained_accepted_genus,v13_direct_accepted_genus
32006,Eugenia doniana O.Berg,Eugenia stictopetala DC.,Eugenia stictopetala DC.,Eugenia stictopetala DC.,Eugenia stictopetala,Myrcia doniana O.Berg,Myrcia doniana,Eugenia,Myrcia
55866,Dipladenia tetradenia Rusby,Odontadenia lutea (Vell.) Markgr.,Odontadenia lutea (Vell.) Markgr.,Odontadenia lutea (Vell.) Markgr.,Odontadenia lutea,Mandevilla alexicaca (Mart. ex Stadelm.) J.F.Morales & A.Fuentes,Mandevilla alexicaca,Odontadenia,Mandevilla
55974,Angraecum pescatorianum Lindl.,Oeoniella polystachys (Thouars) Schltr.,Oeoniella polystachys (Thouars) Schltr.,Oeoniella polystachys (Thouars) Schltr.,Oeoniella polystachys,Listrostachys pertusa (Lindl.) Rchb.f.,Listrostachys pertusa,Oeoniella,Listrostachys
77165,Eugenia tenuiramis Miq.,Syzygium zeylanicum (L.) DC.,Syzygium zeylanicum (L.) DC.,Syzygium zeylanicum (L.) DC.,Syzygium zeylanicum,Eugenia egensis DC.,Eugenia egensis,Syzygium,Eugenia
77171,Eugenia egensis var. tenuiramis (Miq.) O.Berg,Syzygium zeylanicum (L.) DC.,Syzygium zeylanicum (L.) DC.,Syzygium zeylanicum (L.) DC.,Syzygium zeylanicum,Eugenia egensis DC.,Eugenia egensis,Syzygium,Eugenia
82211,Metrosideros pictipetala Blanco,Xanthostemon verus (Roxb.) Peter G.Wilson,Xanthostemon verus (Roxb.) Peter G.Wilson,Xanthostemon verus (Roxb.) Peter G.Wilson,Xanthostemon verus,Decaspermum parviflorum subsp. parviflorum,Decaspermum parviflorum,Xanthostemon,Decaspermum
83018,Restrepia liebmanniana Kraenzl.,Acianthera strupifolia (Lindl.) Pridgeon & M.W.Chase,Acianthera strupifolia (Lindl.) Pridgeon & M.W.Chase,Acianthera strupifolia (Lindl.) Pridgeon & M.W.Chase,Acianthera strupifolia,Andreettaea marginata (Rich.) A.Doucette,Andreettaea marginata,Acianthera,Andreettaea
95296,Nidularium lindenii Regel,Hohenbergia augusta (Vell.) É.Morren,Hohenbergia augusta (Vell.) É.Morren,Hohenbergia augusta (Vell.) É.Morren,Hohenbergia augusta,Edmundoa lindenii (Regel) Leme,Edmundoa lindenii,Hohenbergia,Edmundoa
119415,Ixia striata Vahl,Ixia latifolia D.Delaroche,Ixia latifolia D.Delaroche,Ixia latifolia D.Delaroche,Ixia latifolia,Tritonia gladiolaris (Lam.) Goldblatt & J.C.Manning,Tritonia gladiolaris,Ixia,Tritonia
122335,Retzia campanuloides (L.f.) Spreng.,Retzia capensis Thunb.,Retzia capensis Thunb.,Retzia capensis Thunb.,Retzia capensis,Prismatocarpus campanuloides (L.f.) Sond.,Prismatocarpus campanuloides,Retzia,Prismatocarpus
122337,Retzia roelloides (L.f.) Spreng.,Retzia capensis Thunb.,Retzia capensis Thunb.,Retzia capensis Thunb.,Retzia capensis,Prismatocarpus pedunculatus (P.J.Bergius) A.DC.,Prismatocarpus pedunculatus,Retzia,Prismatocarpus
123483,Zingiber truncatum Stokes,Zingiber zerumbet subsp. zerumbet,Zingiber zerumbet subsp. zerumbet,Zingiber zerumbet subsp. zerumbet,Zingiber zerumbet,Curcuma zedoaria (Christm.) Roscoe,Curcuma zedoaria,Zingiber,Curcuma
159336,Eria merrillii Ames,Pinalia ovata (Lindl.) W.Suarez & Cootes,Pinalia ovata (Lindl.) W.Suarez & Cootes,Pinalia ovata (Lindl.) W.Suarez & Cootes,Pinalia ovata,Eria cochleata Lindl.,Eria cochleata,Pinalia,Eria
168730,Triticum glaucum Honck.,Thinopyrum intermedium subsp. intermedium,Thinopyrum intermedium subsp. intermedium,Thinopyrum intermedium subsp. intermedium,Thinopyrum intermedium,Triticum turgidum subsp. polonicum (L.) Thell.,Triticum turgidum,Thinopyrum,Triticum
171875,Paepalanthus saxicola var. pilosus Moldenke,Syngonanthus saxicola (Körn.) Trovó & Stützel,Syngonanthus saxicola (Körn.) Trovó & Stützel,Syngonanthus saxicola (Körn.) Trovó & Stützel,Syngonanthus saxicola,Paepalanthus amphibius Trovó,Paepalanthus amphibius,Syngonanthus,Paepalanthus
173573,Hordeum sieberianum Besser,Triticum aestivum subsp. compactum (Host) H.Messik.,Triticum aestivum subsp. compactum (Host) H.Messik.,Triticum aestivum subsp. compactum (Host) H.Messik.,Triticum aestivum,Hordeum bulbosum L.,Hordeum bulbosum,Triticum,Hordeum
182602,Festuca yvesii subsp. bellottii (Auquier & Kerguélen) Kerguélen,"Lolium font-queri (St.-Yves) Banfi, Galasso, Foggi, Kopecký & Ardenghi","Lolium font-queri (St.-Yves) Banfi, Galasso, Foggi, Kopecký & Ardenghi","Lolium font-queri (St.-Yves) Banfi, Galasso, Foggi, Kopecký & Ardenghi",Lolium font-queri,Festuca billyi Kerguélen & Plonka,Festuca billyi,Lolium,Festuca
182604,Festuca durissima subsp. bellottii Auquier & Kerguélen,"Lolium font-queri (St.-Yves) Banfi, Galasso, Foggi, Kopecký & Ardenghi","Lolium font-queri (St.-Yves) Banfi, Galasso, Foggi, Kopecký & Ardenghi","Lolium font-queri (St.-Yves) Banfi, Galasso, Foggi, Kopecký & Ardenghi",Lolium font-queri,Festuca billyi Kerguélen & Plonka,Festuca billyi,Lolium,Festuca
183801,Stachytarpheta fiebrigii Moldenke,Citharexylum amabile (Bocq.) Christenh. & Byng,Citharexylum amabile (Bocq.) Christenh. & Byng,Citharexylum amabile (Bocq.) Christenh. & Byng,Citharexylum amabile,Stachytarpheta fiebrigii Moldenke,Stachytarpheta fiebrigii,Citharexylum,Stachytarpheta
193239,Lobivia acanthoplegma var. oligotricha (Cárdenas) Gertel & R.Wahl,Lobivia cinnabarina (Hook.) Britton & Rose,Lobivia cinnabarina (Hook.) Britton & Rose,Lobivia cinnabarina (Hook.) Britton & Rose,Lobivia cinnabarina,Echinopsis oligotricha (Cárdenas) M.Lowry,Echinopsis oligotricha,Lobivia,Echinopsis
207604,Ocotea minarum var. canescens (Meisn.) Mez,Ocotea minarum (Nees & Mart.) Mez,Ocotea minarum (Nees & Mart.) Mez,Ocotea minarum (Nees & Mart.) Mez,Ocotea minarum,Nectandra psammophila Nees & Mart.,Nectandra psammophila,Ocotea,Nectandra
212665,Turraea thouarsiana (Baill.) Cavaco & Keraudren,Olax psittacorum (Lam.) Vahl,Olax psittacorum (Lam.) Vahl,Olax psittacorum (Lam.) Vahl,Olax psittacorum,Turraea thouarsiana (Baill.) Cavaco & Keraudren,Turraea thouarsiana,Olax,Turraea
212668,Olax thouarsiana Baill.,Olax psittacorum (Lam.) Vahl,Olax psittacorum (Lam.) Vahl,Olax psittacorum (Lam.) Vahl,Olax psittacorum,Turraea thouarsiana (Baill.) Cavaco & Keraudren,Turraea thouarsiana,Olax,Turraea
218950,Phellopterus jonesii (J.M.Coult. & Rose) Rydb.,Rhysopterus plurijugus J.M.Coult. & Rose,Rhysopterus plurijugus J.M.Coult. & Rose,Rhysopterus plurijugus J.M.Coult. & Rose,Rhysopterus plurijugus,Cymopterus coulteri (M.E.Jones) Mathias,Cymopterus coulteri,Rhysopterus,Cymopterus
218953,Rhysopterus jonesii J.M.Coult. & Rose,Rhysopterus plurijugus J.M.Coult. & Rose,Rhysopterus plurijugus J.M.Coult. & Rose,Rhysopterus plurijugus J.M.Coult. & Rose,Rhysopterus plurijugus,Cymopterus coulteri (M.E.Jones) Mathias,Cymopterus coulteri,Rhysopterus,Cymopterus
220926,Helianthemum racemosum (L.) Pau,Tuberaria guttata (L.) Fourr.,Tuberaria guttata (L.) Fourr.,Tuberaria guttata (L.) Fourr.,Tuberaria guttata,Helianthemum violaceum subsp. violaceum,Helianthemum violaceum,Tuberaria,Helianthemum
220957,Helianthemum variabile Spach,Tuberaria guttata (L.) Fourr.,Tuberaria guttata (L.) Fourr.,Tuberaria guttata (L.) Fourr.,Tuberaria guttata,Helianthemum apenninum (L.) Mill.,Helianthemum apenninum,Tuberaria,Helianthemum
229994,Viola tricolor var. polychroma (A.Kern.) Gams,Viola L.,Viola L.,Viola L.,,Viola tricolor subsp. subalpina Gaudin,Viola tricolor,,Viola
235173,Alsine rotundifolia (Poir.) Macloskie,Stellaria debilis d'Urv.,Stellaria debilis d'Urv.,Stellaria debilis d'Urv.,Stellaria debilis,Drymaria cordata (L.) Willd. ex Schult.,Drymaria cordata,Stellaria,Drymaria
235174,Stellaria rotundifolia Poir.,Stellaria debilis d'Urv.,Stellaria debilis d'Urv.,Stellaria debilis d'Urv.,Stellaria debilis,Drymaria cordata (L.) Willd. ex Schult.,Drymaria cordata,Stellaria,Drymaria
235175,Drymaria rotundifolia (Poir.) Har.,Stellaria debilis d'Urv.,Stellaria debilis d'Urv.,Stellaria debilis d'Urv.,Stellaria debilis,Drymaria cordata (L.) Willd. ex Schult.,Drymaria cordata,Stellaria,Drymaria
236799,Spergularia nobreana Samp.,Sagina hawaiensis Pax,Sagina hawaiensis Pax,Sagina hawaiensis Pax,Sagina hawaiensis,Spergularia media subsp. media,Spergularia media,Sagina,Spergularia
240639,Statice ciliata (Lange) Rothm.,Limonium durieui (Girard) Kuntze,Limonium durieui (Girard) Kuntze,Limonium durieui (Girard) Kuntze,Limonium durieui,Armeria ciliata (Lange) Nieto Fel.,Armeria ciliata,Limonium,Armeria
244008,Malva spicata L.,Malvastrum americanum (L.) Torr.,Malvastrum americanum (L.) Torr.,Malvastrum americanum (L.) Torr.,Malvastrum americanum,Melochia spicata (L.) Fryxell,Melochia spicata,Malvastrum,Melochia
253810,Dendrophthoe heyneanus Blume,Psittacanthus cucullaris (Lam.) G.Don,Psittacanthus cucullaris (Lam.) G.Don,Psittacanthus cucullaris (Lam.) G.Don,Psittacanthus cucullaris,Taxillus heyneanus (Schult. & Schult.f.) Danser,Taxillus heyneanus,Psittacanthus,Taxillus
254006,Dolichos stipulaceus Lam.,Pueraria montana var. lobata (Willd.) Maesen & S.M.Almeida ex Sanjappa & Predeep,Pueraria montana var. lobata (Willd.) Maesen & S.M.Almeida ex Sanjappa & Predeep,Pueraria montana var. lobata (Willd.) Maesen & S.M.Almeida ex Sanjappa & Predeep,Pueraria montana,Vigna stipulacea (Lam.) Kuntze,Vigna stipulacea,Pueraria,Vigna
255604,Paullinia grandiflora Cambess.,Paullinia pinnata L.,Paullinia pinnata L.,Paullinia pinnata L.,Paullinia pinnata,Serjania erecta Radlk.,Serjania erecta,Paullinia,Serjania
272189,Stauracanthus aphyllus f. spartioides (Webb) Samp.,Stauracanthus genistoides (Brot.) Samp.,Stauracanthus genistoides (Brot.) Samp.,Stauracanthus genistoides (Brot.) Samp.,Stauracanthus genistoides,Ulex minor Roth,Ulex minor,Stauracanthus,Ulex
272192,Stauracanthus genistoides f. spartioides (Webb) Samp.,Stauracanthus genistoides (Brot.) Samp.,Stauracanthus genistoides (Brot.) Samp.,Stauracanthus genistoides (Brot.) Samp.,Stauracanthus genistoides,Ulex minor Roth,Ulex minor,Stauracanthus,Ulex
272197,Ulex genistoides f. spartioides (Webb) C.Vicioso,Stauracanthus genistoides (Brot.) Samp.,Stauracanthus genistoides (Brot.) Samp.,Stauracanthus genistoides (Brot.) Samp.,Stauracanthus genistoides,Ulex minor Roth,Ulex minor,Stauracanthus,Ulex
272198,Ulex genistoides var. spartioides (Webb) C.Vicioso,Stauracanthus genistoides (Brot.) Samp.,Stauracanthus genistoides (Brot.) Samp.,Stauracanthus genistoides (Brot.) Samp.,Stauracanthus genistoides,Ulex minor Roth,Ulex minor,Stauracanthus,Ulex
285874,Aniba megacarpa Hemsl.,Aniba canelilla (Kunth) Mez,Aniba canelilla (Kunth) Mez,Aniba canelilla (Kunth) Mez,Aniba canelilla,Licaria cannella subsp. cannella,Licaria cannella,Aniba,Licaria
300497,Brassica nigra var. laevigata (DC.) Alef.,Brassica carinata A.Braun,Brassica carinata A.Braun,Mutarda carinata (A.Braun) D.A.German,Mutarda carinata,Erucastrum strigosum (Thunb.) O.E.Schulz,Erucastrum strigosum,Mutarda,Erucastrum
314354,Brassica mesopotamica (Spreng.) Bernh.,"Coincya tournefortii (Gouan) Alcaraz, T.E.Díaz, Rivas Mart. & Sánchez-Gómez","Coincya tournefortii (Gouan) Alcaraz, T.E.Díaz, Rivas Mart. & Sánchez-Gómez","Coincya tournefortii (Gouan) Alcaraz, T.E.Díaz, Rivas Mart. & Sánchez-Gómez",Coincya tournefortii,Mutarda arvensis (L.) D.A.German,Mutarda arvensis,Coincya,Mutarda
316959,Lithocardium macranthum (Cham.) Kuntze,Cordia macrantha Chodat,Cordia macrantha Chodat,Cordia alliodora (Ruiz & Pav.) Oken,Cordia alliodora,Varronia paucidentata (Fresen.) Friesen,Varronia paucidentata,Cordia,Varronia
319288,Luffa cylindrica var. multiflora (Spreng.) Domin,Cucumis melo L.,Cucumis melo L.,Cucumis melo L.,Cucumis melo,Luffa aegyptiaca Mill.,Luffa aegyptiaca,Cucumis,Luffa
319532,Luffa arabum Steud.,Cucumis melo L.,Cucumis melo L.,Cucumis melo L.,Cucumis melo,Luffa aegyptiaca Mill.,Luffa aegyptiaca,Cucumis,Luffa
319551,Luffa jacquinii Schrad.,Cucumis melo L.,Cucumis melo L.,Cucumis melo L.,Cucumis melo,Luffa aegyptiaca Mill.,Luffa aegyptiaca,Cucumis,Luffa
319557,Luffa hederacea Wall. ex G.Don,Cucumis melo L.,Cucumis melo L.,Cucumis melo L.,Cucumis melo,Luffa aegyptiaca Mill.,Luffa aegyptiaca,Cucumis,Luffa
319561,Luffa foetida Schrad.,Cucumis melo L.,Cucumis melo L.,Cucumis melo L.,Cucumis melo,Luffa aegyptiaca Mill.,Luffa aegyptiaca,Cucumis,Luffa
319568,Luffa striata Schrad.,Cucumis melo L.,Cucumis melo L.,Cucumis melo L.,Cucumis melo,Luffa aegyptiaca Mill.,Luffa aegyptiaca,Cucumis,Luffa
319574,Luffa veitchii Naudin,Cucumis melo L.,Cucumis melo L.,Cucumis melo L.,Cucumis melo,Luffa aegyptiaca Mill.,Luffa aegyptiaca,Cucumis,Luffa
319577,Luffa vittata Zipp. ex Span.,Cucumis melo L.,Cucumis melo L.,Cucumis melo L.,Cucumis melo,Luffa aegyptiaca Mill.,Luffa aegyptiaca,Cucumis,Luffa
319581,Luffa luffa (L.) A.Lyons,Cucumis melo L.,Cucumis melo L.,Cucumis melo L.,Cucumis melo,Luffa aegyptiaca Mill.,Luffa aegyptiaca,Cucumis,Luffa
319585,Luffa satpatia Buch.-Ham. ex G.Don,Cucumis melo L.,Cucumis melo L.,Cucumis melo L.,Cucumis melo,Luffa aegyptiaca Mill.,Luffa aegyptiaca,Cucumis,Luffa
319589,Luffa parvala Buch.-Ham.,Cucumis melo L.,Cucumis melo L.,Cucumis melo L.,Cucumis melo,Luffa aegyptiaca Mill.,Luffa aegyptiaca,Cucumis,Luffa
319593,Luffa scabra Schumach. & Thonn.,Cucumis melo L.,Cucumis melo L.,Cucumis melo L.,Cucumis melo,Luffa aegyptiaca Mill.,Luffa aegyptiaca,Cucumis,Luffa
319597,Luffa racemosa Roxb.,Cucumis melo L.,Cucumis melo L.,Cucumis melo L.,Cucumis melo,Luffa aegyptiaca Mill.,Luffa aegyptiaca,Cucumis,Luffa
319604,Luffa clavata Roxb.,Cucumis melo L.,Cucumis melo L.,Cucumis melo L.,Cucumis melo,Luffa aegyptiaca Mill.,Luffa aegyptiaca,Cucumis,Luffa
319608,Luffa cordata Meisn. ex M.Roem.,Cucumis melo L.,Cucumis melo L.,Cucumis melo L.,Cucumis melo,Luffa aegyptiaca Mill.,Luffa aegyptiaca,Cucumis,Luffa
321480,Didymocarpus pallidus Kraenzl.,Cyrtandra copelandii Elmer,Cyrtandra copelandii Elmer,Rhynchotechum copelandii (Elmer) Merr.,Rhynchotechum copelandii,Cyrtandra edanoi Olivar & Pelser,Cyrtandra edanoi,Rhynchotechum,Cyrtandra
324711,Annona laevigata Mart.,Desmos chinensis Lour.,Desmos chinensis Lour.,Desmos chinensis Lour.,Desmos chinensis,Xylopia laevigata (Mart.) R.E.Fr.,Xylopia laevigata,Desmos,Xylopia
326455,Babactes oblongifolia (Roxb.) DC.,Didymocarpus acuminatus R.Br.,Didymocarpus acuminatus R.Br.,Didymocarpus acuminatus R.Br.,Didymocarpus acuminatus,Henckelia oblongifolia (Roxb.) D.J.Middleton & Mich.Möller,Henckelia oblongifolia,Didymocarpus,Henckelia
330298,Ehretia indica (Dennst. ex Kostel.) M.R.Almeida & S.M.Almeida,Ehretia aspera Willd.,Ehretia aspera Willd.,Ehretia aspera Willd.,Ehretia aspera,Blachia umbellata (Willd.) Baill.,Blachia umbellata,Ehretia,Blachia
334464,Cactus berteroi Colla,Eriosyce subgibbosa (Haw.) Katt.,Eriosyce subgibbosa (Haw.) Katt.,Eriosyce subgibbosa (Haw.) Katt.,Eriosyce subgibbosa,Cumulopuntia berteroi (Colla) F.Ritter,Cumulopuntia berteroi,Eriosyce,Cumulopuntia
334885,Brassica purpurascens Banks & Sol.,Erucaria hispanica (L.) Druce,Erucaria hispanica (L.) Druce,Erucaria hispanica (L.) Druce,Erucaria hispanica,Chorispora purpurascens (Banks & Sol.) Eig,Chorispora purpurascens,Erucaria,Chorispora
347162,Guioa chrysantha Radlk.,Guioa semiglauca (F.Muell.) Radlk.,Guioa semiglauca (F.Muell.) Radlk.,Guioa semiglauca (F.Muell.) Radlk.,Guioa semiglauca,Toechima dasyrrhache Radlk.,Toechima dasyrrhache,Guioa,Toechima
348784,Hebenstretia fruticosa L.f.,Hebenstretia dentata L.,Hebenstretia dentata L.,Hebenstretia dentata L.,Hebenstretia dentata,Dischisma fruticosum (L.f.) Rolfe,Dischisma fruticosum,Hebenstretia,Dischisma
354932,Indigofera enneaphylla L.,Indigofera tsiangiana Metcalf,Indigofera tsiangiana Metcalf,Indigofera tsiangiana Metcalf,Indigofera tsiangiana,Psoralea pinnata L.,Psoralea pinnata,Indigofera,Psoralea
362914,Polygala caripensis Turcz.,Asemeia violacea (Aubl.) J.F.B.Pastore & J.R.Abbott,Asemeia violacea (Aubl.) J.F.B.Pastore & J.R.Abbott,Asemeia violacea (Aubl.) J.F.B.Pastore & J.R.Abbott,Asemeia violacea,Senega paniculata (L.) J.F.B.Pastore & J.R.Abbott,Senega paniculata,Asemeia,Senega
368123,Galatella tenuifolia Lindl. ex DC.,Cosmos bipinnatus Cav.,Cosmos bipinnatus Cav.,Cosmos bipinnatus Cav.,Cosmos bipinnatus,Galatella hauptii (Ledeb.) Lindl. ex DC.,Galatella hauptii,Cosmos,Galatella
385527,× Sorbaronia dippelii var. superaria C.K.Schneid.,× Aroniaria dippelii (Zabel) Mezhenskyj,× Aroniaria dippelii (Zabel) Mezhenskyj,× Aroniaria dippelii (Zabel) Mezhenskyj,× Aroniaria dippelii,Aria edulis (Willd.) M.Roem.,Aria edulis,× Aroniaria,Aria
385638,Robinia pyramidata Mill.,Cenostigma gaumeri (Greenm.) Gagnon & G.P.Lewis,Cenostigma gaumeri (Greenm.) Gagnon & G.P.Lewis,Cenostigma gaumeri (Greenm.) Gagnon & G.P.Lewis,Cenostigma gaumeri,Erythrostemon yucatanensis var. yucatanensis,Erythrostemon yucatanensis,Cenostigma,Erythrostemon
386797,Lobivia chrysacantha (Backeb.) H.P.Kelsey & Dayton,Echinopsis jajoana (Backeb.) Blossf.,Echinopsis jajoana (Backeb.) Blossf.,Echinopsis jajoana (Backeb.) Blossf.,Echinopsis jajoana,Rebutia minuscula var. minuscula,Rebutia minuscula,Echinopsis,Rebutia
387993,Minuartia arctica var. hondoensis Ohwi,Cherleria arctica (Steven ex Ser.) A.J.Moore & Dillenb.,Cherleria arctica (Steven ex Ser.) A.J.Moore & Dillenb.,Cherleria arctica (Steven ex Ser.) A.J.Moore & Dillenb.,Cherleria arctica,Minuartia hondoensis (Ohwi) Ohwi,Minuartia hondoensis,Cherleria,Minuartia
391450,Monochaetum canescens (Bonpl.) J.F.Macbr.,Monochaetum bonplandii (Kunth) Naudin,Monochaetum bonplandii (Kunth) Naudin,Monochaetum bonplandii (Kunth) Naudin,Monochaetum bonplandii,Brachyotum ledifolium (Desr.) Triana,Brachyotum ledifolium,Monochaetum,Brachyotum
396838,Arctium intermedium Lange,Cousinia chlorocephala C.A.Mey. ex DC.,Cousinia chlorocephala C.A.Mey. ex DC.,Cousinia chlorocephala C.A.Mey. ex DC.,Cousinia chlorocephala,Arctium nemorosum Lej.,Arctium nemorosum,Cousinia,Arctium
398226,Vernonia bolleana Sch.Bip.,Bolanosa coulteri A.Gray,Bolanosa coulteri A.Gray,Bolanosa coulteri A.Gray,Bolanosa coulteri,Vernonia bolleana Sch.Bip.,Vernonia bolleana,Bolanosa,Vernonia
401108,Vernonia andohii C.D.Adams,Brenandendron donianum (DC.) H.Rob.,Brenandendron donianum (DC.) H.Rob.,Brenandendron donianum (DC.) H.Rob.,Brenandendron donianum,Vernonia andohii C.D.Adams,Vernonia andohii,Brenandendron,Vernonia
409563,Cacalia syneilesis (Franch. & Sav.) Matsum.,Japonicalia delphiniifolia (Siebold & Zucc.) C.Ren & Q.E.Yang,Japonicalia delphiniifolia (Siebold & Zucc.) C.Ren & Q.E.Yang,Japonicalia delphiniifolia (Siebold & Zucc.) C.Ren & Q.E.Yang,Japonicalia delphiniifolia,Syneilesis palmata (Lam.) Maxim.,Syneilesis palmata,Japonicalia,Syneilesis
409572,Senecio syneilesis Franch. & Sav.,Japonicalia delphiniifolia (Siebold & Zucc.) C.Ren & Q.E.Yang,Japonicalia delphiniifolia (Siebold & Zucc.) C.Ren & Q.E.Yang,Japonicalia delphiniifolia (Siebold & Zucc.) C.Ren & Q.E.Yang,Japonicalia delphiniifolia,Syneilesis palmata (Lam.) Maxim.,Syneilesis palmata,Japonicalia,Syneilesis
412330,Werneria lehmannii Klatt,Werneria glandulosa Wedd.,Werneria glandulosa Wedd.,Rockhausenia glandulosa (Wedd.) D.J.N.Hind,Rockhausenia glandulosa,Hypochaeris sessiliflora Kunth,Hypochaeris sessiliflora,Rockhausenia,Hypochaeris
414215,Gnaphalium petiolatum L.,Helichrysum petiolare Hilliard & B.L.Burtt,Helichrysum petiolare Hilliard & B.L.Burtt,Helichrysum petiolare Hilliard & B.L.Burtt,Helichrysum petiolare,Staehelina petiolata (L.) Hilliard & B.L.Burtt,Staehelina petiolata,Helichrysum,Staehelina
414816,Gnaphalium simplex A.Rich.,Euchiton collinus Cass.,Euchiton collinus Cass.,Euchiton collinus Cass.,Euchiton collinus,"Pseudognaphalium lanatum (G.Forst.) Smissen, Breitw. & de Lange",Pseudognaphalium lanatum,Euchiton,Pseudognaphalium
416351,Dichrocephala paniculata Miq.,Dichrocephala integrifolia subsp. integrifolia,Dichrocephala integrifolia subsp. integrifolia,Dichrocephala integrifolia subsp. integrifolia,Dichrocephala integrifolia,Myriactis javanica (Blume) DC.,Myriactis javanica,Dichrocephala,Myriactis
416819,Olearia arguta var. lanata Benth.,Camptacra gracilis (Benth.) Lander,Camptacra gracilis (Benth.) Lander,Camptacra gracilis (Benth.) Lander,Camptacra gracilis,Olearia arguta var. lanata Benth.,Olearia arguta,Camptacra,Olearia
416822,Aster argutus R.Br. ex Benth.,Camptacra gracilis (Benth.) Lander,Camptacra gracilis (Benth.) Lander,Camptacra gracilis (Benth.) Lander,Camptacra gracilis,Olearia arguta var. arguta,Olearia arguta,Camptacra,Olearia
416823,Olearia arguta Benth.,Camptacra gracilis (Benth.) Lander,Camptacra gracilis (Benth.) Lander,Camptacra gracilis (Benth.) Lander,Camptacra gracilis,Olearia arguta Benth.,Olearia arguta,Camptacra,Olearia
416924,Brachyscome scapiformis var. glabra DC.,Vittadinia spathulata F.Muell. ex Sond.,Vittadinia spathulata F.Muell. ex Sond.,Vittadinia spathulata F.Muell. ex Sond.,Vittadinia spathulata,Brachyscome spathulata Gaudich.,Brachyscome spathulata,Vittadinia,Brachyscome
422291,Inula saxatilis Lam.,Dittrichia viscosa subsp. viscosa,Dittrichia viscosa subsp. viscosa,Dittrichia viscosa subsp. viscosa,Dittrichia viscosa,Chiliadenus glutinosus (L.) Fourr.,Chiliadenus glutinosus,Dittrichia,Chiliadenus
422293,Chiliadenus saxatilis (Lam.) Brullo,Dittrichia viscosa subsp. viscosa,Dittrichia viscosa subsp. viscosa,Dittrichia viscosa subsp. viscosa,Dittrichia viscosa,Chiliadenus glutinosus (L.) Fourr.,Chiliadenus glutinosus,Dittrichia,Chiliadenus
436440,Dryopteris disjuncta f. glandulosa (R.M.Tryon) Cody,Gymnocarpium disjunctum (Rupr.) Ching,Gymnocarpium disjunctum (Rupr.) Ching,Gymnocarpium disjunctum (Rupr.) Ching,Gymnocarpium disjunctum,Thelypteris maxoniana A.R.Sm.,Thelypteris maxoniana,Gymnocarpium,Thelypteris
436511,Cyathea attenuata Fée,Cyathea gardneri (Hook.) Lellinger,Cyathea gardneri (Hook.) Lellinger,Cyathea mexiae Copel.,Cyathea mexiae,Sphaeropteris gardneri (Hook.) R.M.Tryon,Sphaeropteris gardneri,Cyathea,Sphaeropteris
436512,Cyathea incurvata Kunze,Cyathea gardneri (Hook.) Lellinger,Cyathea gardneri (Hook.) Lellinger,Cyathea mexiae Copel.,Cyathea mexiae,Sphaeropteris gardneri (Hook.) R.M.Tryon,Sphaeropteris gardneri,Cyathea,Sphaeropteris
436513,Cyathea mamillata Fée,Cyathea gardneri (Hook.) Lellinger,Cyathea gardneri (Hook.) Lellinger,Cyathea mexiae Copel.,Cyathea mexiae,Sphaeropteris gardneri (Hook.) R.M.Tryon,Sphaeropteris gardneri,Cyathea,Sphaeropteris
436514,Cyathea taunaysiana Glaz. & Fée,Cyathea gardneri (Hook.) Lellinger,Cyathea gardneri (Hook.) Lellinger,Cyathea mexiae Copel.,Cyathea mexiae,Sphaeropteris gardneri (Hook.) R.M.Tryon,Sphaeropteris gardneri,Cyathea,Sphaeropteris
436515,Sphaeropteris gardneri (Hook.) R.M.Tryon,Cyathea gardneri (Hook.) Lellinger,Cyathea gardneri (Hook.) Lellinger,Cyathea mexiae Copel.,Cyathea mexiae,Sphaeropteris gardneri (Hook.) R.M.Tryon,Sphaeropteris gardneri,Cyathea,Sphaeropteris
436780,Cyathea incanescens Domin,Cyathea incana H.Karst.,Cyathea incana H.Karst.,Cyathea incana H.Karst.,Cyathea incana,Alsophila manniana (Hook.) R.M.Tryon,Alsophila manniana,Cyathea,Alsophila
437414,Asplenium arifolium Burm.f.,Acrostichum aureum L.,Acrostichum aureum L.,Acrostichum aureum L.,Acrostichum aureum,Hemionitis arifolia (Burm.f.) T.Moore,Hemionitis arifolia,Acrostichum,Hemionitis
441184,Polypodium berteroanum Spreng.,Megalastrum inaequalifolium (Colla) A.R.Sm. & R.C.Moran,Megalastrum inaequalifolium (Colla) A.R.Sm. & R.C.Moran,Megalastrum inaequalifolium (Colla) A.R.Sm. & R.C.Moran,Megalastrum inaequalifolium,Rumohra adiantiformis (G.Forst.) Ching,Rumohra adiantiformis,Megalastrum,Rumohra
443072,Polypodium parkinsonii Baker,Phymatosorus parksii (Copel.) Brownlie,Phymatosorus parksii (Copel.) Brownlie,Phymatosorus parksii (Copel.) Brownlie,Phymatosorus parksii,Drynaria parkinsonii (Baker) Diels,Drynaria parkinsonii,Phymatosorus,Drynaria
443448,Polypodium loriceum var. umbraticum Christ,Polypodium plectolepidioides Rosenst.,Polypodium plectolepidioides Rosenst.,Polypodium plectolepidioides Rosenst.,Polypodium plectolepidioides,Serpocaulon dissimile (L.) A.R.Sm.,Serpocaulon dissimile,Polypodium,Serpocaulon
446154,Alsophila fragilis Zoll. & Moritzi,Thelypteris lineata (Blume) K.Iwats.,Thelypteris lineata (Blume) K.Iwats.,Thelypteris lineata (Blume) K.Iwats.,Thelypteris lineata,Arachniodes aristata (G.Forst.) Tindale,Arachniodes aristata,Thelypteris,Arachniodes
446159,Meniscium fragile Kunze,Thelypteris lineata (Blume) K.Iwats.,Thelypteris lineata (Blume) K.Iwats.,Thelypteris lineata (Blume) K.Iwats.,Thelypteris lineata,Arachniodes aristata (G.Forst.) Tindale,Arachniodes aristata,Thelypteris,Arachniodes
447153,Paradavallodes chingiae (Ching) Ching,Davallodes membranulosa (Wall. ex Hook.) Copel.,Davallodes membranulosa (Wall. ex Hook.) Copel.,Davallodes membranulosa (Wall. ex Hook.) Copel.,Davallodes membranulosa,Davallia chingiae (Ching) Xiao D.Ma & F.G.Wang,Davallia chingiae,Davallodes,Davallia
451871,Hedysarum oxalifolium Buch.-Ham. ex Benn.,Sohmaea laxiflora (DC.) H.Ohashi & K.Ohashi,Sohmaea laxiflora (DC.) H.Ohashi & K.Ohashi,Sohmaea laxiflora (DC.) H.Ohashi & K.Ohashi,Sohmaea laxiflora,Eleiotis rottleri Wight & Arn.,Eleiotis rottleri,Sohmaea,Eleiotis
453738,Ulex parviflorus subsp. willkommii (Webb) Borja & al.,Ulex parviflorus subsp. parviflorus,Ulex parviflorus subsp. parviflorus,Ulex parviflorus subsp. parviflorus,Ulex parviflorus,Stauracanthus genistoides (Brot.) Samp.,Stauracanthus genistoides,Ulex,Stauracanthus
453745,Ulex parviflorus var. willkommii (Webb) C.Vicioso,Ulex parviflorus subsp. parviflorus,Ulex parviflorus subsp. parviflorus,Ulex parviflorus subsp. parviflorus,Ulex parviflorus,Stauracanthus genistoides (Brot.) Samp.,Stauracanthus genistoides,Ulex,Stauracanthus
453748,Ulex scaber var. willkommii (Webb) Samp.,Ulex parviflorus subsp. parviflorus,Ulex parviflorus subsp. parviflorus,Ulex parviflorus subsp. parviflorus,Ulex parviflorus,Stauracanthus genistoides (Brot.) Samp.,Stauracanthus genistoides,Ulex,Stauracanthus
453751,Ulex willkommii Webb,Ulex parviflorus subsp. parviflorus,Ulex parviflorus subsp. parviflorus,Ulex parviflorus subsp. parviflorus,Ulex parviflorus,Stauracanthus genistoides (Brot.) Samp.,Stauracanthus genistoides,Ulex,Stauracanthus
462981,Moronobea grandiflora Choisy,Platonia insignis var. insignis,Platonia insignis var. insignis,Platonia insignis var. insignis,Platonia insignis,Moronobea coccinea Aubl.,Moronobea coccinea,Platonia,Moronobea
462985,Moronobea montana Schltdl.,Platonia insignis var. insignis,Platonia insignis var. insignis,Platonia insignis var. insignis,Platonia insignis,Moronobea coccinea Aubl.,Moronobea coccinea,Platonia,Moronobea
465044,Valeriana pygmaea Turcz.,Valeriana alypifolia subsp. alypifolia,Valeriana alypifolia subsp. alypifolia,Valeriana alypifolia subsp. alypifolia,Valeriana alypifolia,"Borealandea nubigena (Bonpl.) Al-Shehbaz, Salariato, A.Cano & Zuloaga",Borealandea nubigena,Valeriana,Borealandea
468320,Rhamnus buxifolia Poir.,Rhamnus oleoides subsp. oleoides,Rhamnus oleoides subsp. oleoides,Rhamnus oleoides subsp. oleoides,Rhamnus oleoides,Flueggea tinctoria (L.) G.L.Webster,Flueggea tinctoria,Rhamnus,Flueggea
475008,Ligusticum apiifolium Desf.,Carum appuanum subsp. appuanum,Carum appuanum subsp. appuanum,Carum appuanum subsp. appuanum,Carum appuanum,Cnidium silaifolium (Jacq.) Simonk.,Cnidium silaifolium,Carum,Cnidium
477882,Euphoria leichhardtii var. hebepetala Benth.,Dimocarpus longan subsp. longan,Dimocarpus longan subsp. longan,Dimocarpus longan subsp. longan,Dimocarpus longan,Arytera foveolata F.Muell.,Arytera foveolata,Dimocarpus,Arytera
477889,Arytera leichhardtii var. hebepetala (Benth.) Radlk.,Dimocarpus longan subsp. longan,Dimocarpus longan subsp. longan,Dimocarpus longan subsp. longan,Dimocarpus longan,Arytera foveolata F.Muell.,Arytera foveolata,Dimocarpus,Arytera
479809,Eurya latifolia variegata Veitch ex J.Dix,Eurya japonica var. japonica,Eurya japonica var. japonica,Eurya japonica var. japonica,Eurya japonica,Cleyera japonica var. japonica,Cleyera japonica,Eurya,Cleyera
481487,Cistus punctatus Willd.,Helianthemum salicifolium var. salicifolium,Helianthemum salicifolium var. salicifolium,Helianthemum salicifolium var. salicifolium,Helianthemum salicifolium,Tuberaria guttata (L.) Fourr.,Tuberaria guttata,Helianthemum,Tuberaria
482393,Lepidium draba var. matritense (Pau) Thell.,Iberis carnosa subsp. carnosa,Iberis carnosa subsp. carnosa,Iberis carnosa subsp. carnosa,Iberis carnosa,Lepidium draba L.,Lepidium draba,Iberis,Lepidium
483727,Anthemis valentina L.,Porophyllum ruderale var. ruderale,Porophyllum ruderale var. ruderale,Porophyllum ruderale var. ruderale,Porophyllum ruderale,Anacyclus radiatus Loisel.,Anacyclus radiatus,Porophyllum,Anacyclus
507802,Citharexylum flexuosum var. subglabrum Moldenke,Citharexylum flexuosum (Ruiz & Pav.) D.Don,Citharexylum flexuosum (Ruiz & Pav.) D.Don,Citharexylum flexuosum (Ruiz & Pav.) D.Don,Citharexylum flexuosum,Lycium americanum Jacq.,Lycium americanum,Citharexylum,Lycium
510460,Nertera dentata Elmer,Nertera granadensis var. granadensis,Nertera granadensis var. granadensis,Nertera granadensis var. granadensis,Nertera granadensis,Hemiphragma heterophyllum var. dentatum (Elmer) T.Yamaz.,Hemiphragma heterophyllum,Nertera,Hemiphragma
519089,Katherinea perakensis (Hook.f.) A.D.Hawkes,Eria javanica (Sw.) Blume,Eria javanica (Sw.) Blume,Bulbophyllum gibbosum (Blume) Lindl.,Bulbophyllum gibbosum,Eria stellata Lindl.,Eria stellata,Bulbophyllum,Eria
519091,Octomeria vaginata Breda,Eria javanica (Sw.) Blume,Eria javanica (Sw.) Blume,Bulbophyllum gibbosum (Blume) Lindl.,Bulbophyllum gibbosum,Eria stellata Lindl.,Eria stellata,Bulbophyllum,Eria
519092,Dendrobium perakense Hook.f.,Eria javanica (Sw.) Blume,Eria javanica (Sw.) Blume,Bulbophyllum gibbosum (Blume) Lindl.,Bulbophyllum gibbosum,Eria stellata Lindl.,Eria stellata,Bulbophyllum,Eria
519093,Sarcopodium perakense (Hook.f.) Kraenzl.,Eria javanica (Sw.) Blume,Eria javanica (Sw.) Blume,Bulbophyllum gibbosum (Blume) Lindl.,Bulbophyllum gibbosum,Eria stellata Lindl.,Eria stellata,Bulbophyllum,Eria
519094,Eria micholitzii Kraenzl.,Eria javanica (Sw.) Blume,Eria javanica (Sw.) Blume,Bulbophyllum gibbosum (Blume) Lindl.,Bulbophyllum gibbosum,Eria stellata Lindl.,Eria stellata,Bulbophyllum,Eria
519095,Callista perakensis (Hook.f.) Kuntze,Eria javanica (Sw.) Blume,Eria javanica (Sw.) Blume,Bulbophyllum gibbosum (Blume) Lindl.,Bulbophyllum gibbosum,Eria stellata Lindl.,Eria stellata,Bulbophyllum,Eria
519096,Dendrolirium rugosum Blume,Eria javanica (Sw.) Blume,Eria javanica (Sw.) Blume,Bulbophyllum gibbosum (Blume) Lindl.,Bulbophyllum gibbosum,Eria stellata Lindl.,Eria stellata,Bulbophyllum,Eria
519097,Eria inamoena Schltr.,Eria javanica (Sw.) Blume,Eria javanica (Sw.) Blume,Bulbophyllum gibbosum (Blume) Lindl.,Bulbophyllum gibbosum,Eria stellata Lindl.,Eria stellata,Bulbophyllum,Eria
519098,Eria fragrans Rchb.f.,Eria javanica (Sw.) Blume,Eria javanica (Sw.) Blume,Bulbophyllum gibbosum (Blume) Lindl.,Bulbophyllum gibbosum,Eria stellata Lindl.,Eria stellata,Bulbophyllum,Eria
519099,Eria striolata Rchb.f.,Eria javanica (Sw.) Blume,Eria javanica (Sw.) Blume,Bulbophyllum gibbosum (Blume) Lindl.,Bulbophyllum gibbosum,Eria stellata Lindl.,Eria stellata,Bulbophyllum,Eria
519100,Eria stellata Lindl.,Eria javanica (Sw.) Blume,Eria javanica (Sw.) Blume,Bulbophyllum gibbosum (Blume) Lindl.,Bulbophyllum gibbosum,Eria stellata Lindl.,Eria stellata,Bulbophyllum,Eria
519101,Eria papuana Kraenzl.,Eria javanica (Sw.) Blume,Eria javanica (Sw.) Blume,Bulbophyllum gibbosum (Blume) Lindl.,Bulbophyllum gibbosum,Eria stellata Lindl.,Eria stellata,Bulbophyllum,Eria
519102,Eria pseudostellata Schltr.,Eria javanica (Sw.) Blume,Eria javanica (Sw.) Blume,Bulbophyllum gibbosum (Blume) Lindl.,Bulbophyllum gibbosum,Eria stellata Lindl.,Eria stellata,Bulbophyllum,Eria
519103,"Eria vaginata (Breda, Kuhl & Hasselt) Benth.",Eria javanica (Sw.) Blume,Eria javanica (Sw.) Blume,Bulbophyllum gibbosum (Blume) Lindl.,Bulbophyllum gibbosum,Eria stellata Lindl.,Eria stellata,Bulbophyllum,Eria
519104,Eria cochleata Lindl.,Eria javanica (Sw.) Blume,Eria javanica (Sw.) Blume,Bulbophyllum gibbosum (Blume) Lindl.,Bulbophyllum gibbosum,Eria cochleata Lindl.,Eria cochleata,Bulbophyllum,Eria
526672,Gymnadenia odoratissima var. heteroglossa Rchb.f.,Gymnadenia odoratissima (L.) Rich.,Gymnadenia odoratissima (L.) Rich.,Gymnadenia odoratissima (L.) Rich.,Gymnadenia odoratissima,× Chamodenia heteroglossa (Rchb.f.) Peitz,× Chamodenia heteroglossa,Gymnadenia,× Chamodenia
530956,Zornia Moench,Lallemantia Fisch. & C.A.Mey.,Lallemantia Fisch. & C.A.Mey.,Dracocephalum L.,,Dracocephalum canescens L.,Dracocephalum canescens,,Dracocephalum
531662,Leidesia capensis (L.f.) Müll.Arg.,Leidesia procumbens (L.) Prain,Leidesia procumbens (L.) Prain,Leidesia procumbens (L.) Prain,Leidesia procumbens,Didymodoxa capensis (L.f.) Friis & Wilmot-Dear,Didymodoxa capensis,Leidesia,Didymodoxa
531667,Mercurialis capensis (L.f.) Spreng. ex Sond.,Leidesia procumbens (L.) Prain,Leidesia procumbens (L.) Prain,Leidesia procumbens (L.) Prain,Leidesia procumbens,Didymodoxa capensis (L.f.) Friis & Wilmot-Dear,Didymodoxa capensis,Leidesia,Didymodoxa
532466,Andrachne cavaleriei H.Lév.,Leptopus chinensis (Bunge) Pojark.,Leptopus chinensis (Bunge) Pojark.,Leptopus chinensis (Bunge) Pojark.,Leptopus chinensis,Lysimachia capillipes var. cavaleriei (H.Lév.) Hand.-Mazz.,Lysimachia capillipes,Leptopus,Lysimachia
538092,Mentha perilloides L.,Mesosphaerum pectinatum (L.) Kuntze,Mesosphaerum pectinatum (L.) Kuntze,Mesosphaerum pectinatum (L.) Kuntze,Mesosphaerum pectinatum,Perilla frutescens (L.) Britton,Perilla frutescens,Mesosphaerum,Perilla
554154,Cleisostoma ornithorrhynchum (Rchb.f.) Garay,Robiquetia rosea (Lindl.) Garay,Robiquetia rosea (Lindl.) Garay,Robiquetia rosea (Lindl.) Garay,Robiquetia rosea,Cleisostoma discolor Lindl.,Cleisostoma discolor,Robiquetia,Cleisostoma
554157,Sarcanthus ornithorrhynchus Rchb.f.,Robiquetia rosea (Lindl.) Garay,Robiquetia rosea (Lindl.) Garay,Robiquetia rosea (Lindl.) Garay,Robiquetia rosea,Cleisostoma discolor Lindl.,Cleisostoma discolor,Robiquetia,Cleisostoma
564954,Elaeagia subspicata Standl.,Warszewiczia longistaminea K.Schum.,Warszewiczia longistaminea K.Schum.,Warszewiczia longistaminea K.Schum.,Warszewiczia longistaminea,Bathysa subspicata (Standl.) C.M.Taylor,Bathysa subspicata,Warszewiczia,Bathysa
575563,Scirpus scheuchzeri Hartmann,Eriophorum scheuchzeri Hoppe,Eriophorum scheuchzeri Hoppe,Eriophorum scheuchzeri Hoppe,Eriophorum scheuchzeri,Eleocharis quinqueflora (Hartmann) O.Schwarz,Eleocharis quinqueflora,Eriophorum,Eleocharis
581963,Paepalanthus vaginatus Körn.,Syngonanthus fischerianus (Bong.) Ruhland,Syngonanthus fischerianus (Bong.) Ruhland,Syngonanthus fischerianus (Bong.) Ruhland,Syngonanthus fischerianus,Paepalanthus vaginatus Körn.,Paepalanthus vaginatus,Syngonanthus,Paepalanthus
583216,Amomum latifolium Lam.,Zingiber zerumbet (L.) Roscoe ex Sm.,Zingiber zerumbet (L.) Roscoe ex Sm.,Zingiber zerumbet (L.) Roscoe ex Sm.,Zingiber zerumbet,Curcuma longa L.,Curcuma longa,Zingiber,Curcuma
598768,Setilobus neves-armondii Bureau & K.Schum.,Cuspidaria simplicifolia DC.,Cuspidaria simplicifolia DC.,Cuspidaria simplicifolia DC.,Cuspidaria simplicifolia,Fridericia bracteata (Baill. ex Bureau & K.Schum.) J.N.C.Franc. & L.G.Lohmann,Fridericia bracteata,Cuspidaria,Fridericia
615434,Agrostis frondosa Ten. ex Spreng.,Agrostis castellana Boiss. & Reut.,Agrostis castellana Boiss. & Reut.,Agrostis castellana Boiss. & Reut.,Agrostis castellana,Polypogon viridis (Gouan) Breistr.,Polypogon viridis,Agrostis,Polypogon
636980,Leochilus parviflorus Standl. & L.O.Williams,Leochilus inconspicuus (Kraenzl.) M.W.Chase & N.H.Williams,Leochilus inconspicuus (Kraenzl.) M.W.Chase & N.H.Williams,Trichocentrum candidum Lindl.,Trichocentrum candidum,Leochilus candelariae (Kraenzl.) Pupulin,Leochilus candelariae,Trichocentrum,Leochilus
643556,Avena alpina Honck.,Deschampsia cespitosa subsp. cespitosa,Deschampsia cespitosa subsp. cespitosa,Deschampsia cespitosa subsp. cespitosa,Deschampsia cespitosa,Helictochloa versicolor subsp. versicolor,Helictochloa versicolor,Deschampsia,Helictochloa
666925,Geodorum citrinum Andrews,"Eulophia terrestris (L.) M.W.Chase, Kumar & Schuit.","Eulophia terrestris (L.) M.W.Chase, Kumar & Schuit.",Phaius amboinensis Blume,Phaius amboinensis,Eulophia citrina (Andrews) Ormerod & Kurzweil,Eulophia citrina,Phaius,Eulophia
669833,Lobivia pentlandii var. forbesii (A.Dietr.) Y.Itô ex Backeb.,Lobivia pentlandii (Hook.) Britton & Rose,Lobivia pentlandii (Hook.) Britton & Rose,Lobivia pentlandii (Hook.) Britton & Rose,Lobivia pentlandii,Acanthocalycium rhodotrichum subsp. rhodotrichum,Acanthocalycium rhodotrichum,Lobivia,Acanthocalycium
674480,Sassafras officinale Siebold,Lindera triloba (Siebold & Zucc.) Blume,Lindera triloba (Siebold & Zucc.) Blume,Lindera triloba (Siebold & Zucc.) Blume,Lindera triloba,Sassafras albidum (Nutt.) Nees,Sassafras albidum,Lindera,Sassafras
685160,Onosma incanescens DC.,Onosma rostellata Lehm.,Onosma rostellata Lehm.,Onosma rostellata Lehm.,Onosma rostellata,Maharanga incanescens (DC.) L.Cecchi & Hilger,Maharanga incanescens,Onosma,Maharanga
696924,Laserpitium loscosii (Lange) Calest.,Thapsia asclepium L.,Thapsia asclepium L.,Thapsia asclepium L.,Thapsia asclepium,Ferula loscosii (Lange) Willk.,Ferula loscosii,Thapsia,Ferula
696929,Elaeoselinum loscosii Lange,Thapsia asclepium L.,Thapsia asclepium L.,Thapsia asclepium L.,Thapsia asclepium,Ferula loscosii (Lange) Willk.,Ferula loscosii,Thapsia,Ferula
720655,Vandellia diffusa Blanco,Torenia thouarsii (Cham. & Schltdl.) Kuntze,Torenia thouarsii (Cham. & Schltdl.) Kuntze,Torenia thouarsii (Cham. & Schltdl.) Kuntze,Torenia thouarsii,"Yamazakia pusilla (Willd.) W.R.Barker, Y.S.Liang & Wannan",Yamazakia pusilla,Torenia,Yamazakia
723695,Cinnamomum tomentosum D.Don,Phoebe cathia (D.Don) Kosterm.,Phoebe cathia (D.Don) Kosterm.,Phoebe cathia (D.Don) Kosterm.,Phoebe cathia,Machilus tomentosus (D.Don) M.Gangop.,Machilus tomentosus,Phoebe,Machilus
724678,Pterocarpus cultratus Vell.,Pterocarpus rohrii Vahl,Pterocarpus rohrii Vahl,Pterocarpus rohrii Vahl,Pterocarpus rohrii,Lonchocarpus cultratus (Vell.) A.M.G.Azevedo & H.C.Lima,Lonchocarpus cultratus,Pterocarpus,Lonchocarpus
724907,Strombocarpa odorata (Torr. & Frém.) A.Gray,Prosopis pubescens Benth.,Prosopis pubescens Benth.,Strombocarpa pubescens (Benth.) A.Gray,Strombocarpa pubescens,Neltuma odorata (Torr. & Frém.) C.E.Hughes & G.P.Lewis,Neltuma odorata,Strombocarpa,Neltuma
724910,Prosopis odorata Torr. & Frém.,Prosopis pubescens Benth.,Prosopis pubescens Benth.,Strombocarpa pubescens (Benth.) A.Gray,Strombocarpa pubescens,Neltuma odorata (Torr. & Frém.) C.E.Hughes & G.P.Lewis,Neltuma odorata,Strombocarpa,Neltuma
726924,Paullinia mexiae Steyerm.,Paullinia pterocarpa Triana & Planch.,Paullinia pterocarpa Triana & Planch.,Paullinia pterocarpa Triana & Planch.,Paullinia pterocarpa,Serjania caracasana (Jacq.) Willd.,Serjania caracasana,Paullinia,Serjania
732881,Papaver heterophyllum var. crassifolium (Benth.) Jeps.,Papaver heterophyllum (Benth.) Greene,Papaver heterophyllum (Benth.) Greene,Papaver heterophyllum (Benth.) Greene,Papaver heterophyllum,Stylophorum diphyllum (Michx.) Nutt.,Stylophorum diphyllum,Papaver,Stylophorum
740831,Dircaea picta (Hook.) Lem.,Sinningia douglasii (Lindl.) Chautems,Sinningia douglasii (Lindl.) Chautems,Sinningia douglasii (Lindl.) Chautems,Sinningia douglasii,Kohleria tubiflora (Cav.) Hanst.,Kohleria tubiflora,Sinningia,Kohleria
741551,Acacia virchowiana Vatke & Hildebrandt,Senegalia senegal (L.) Britton,Senegalia senegal (L.) Britton,Senegalia senegal (L.) Britton,Senegalia senegal,Vachellia oerfota var. oerfota,Vachellia oerfota,Senegalia,Vachellia
742477,Asterocephalus tomentosus Spreng.,Succisa pratensis Moench,Succisa pratensis Moench,Succisa pratensis Moench,Succisa pratensis,Scabiosa turolensis subsp. turolensis,Scabiosa turolensis,Succisa,Scabiosa
750390,Adenandra ovata (Thunb.) Link,Adenandra villosa subsp. sonderi (Dümmer) Strid,Adenandra villosa subsp. sonderi (Dümmer) Strid,Adenandra villosa subsp. sonderi (Dümmer) Strid,Adenandra villosa,Agathosma ovata (Thunb.) F.Dietr.,Agathosma ovata,Adenandra,Agathosma
752695,Mimosa terminalis Vell.,Albizia polycephala (Benth.) Killip,Albizia polycephala (Benth.) Killip,Pseudalbizzia polycephala (Benth.) E.J.M.Koenen & Duno,Pseudalbizzia polycephala,"Hydrochorea pedicellaris (DC.) M.V.B.Soares, Iganci & M.P.Morim",Hydrochorea pedicellaris,Pseudalbizzia,Hydrochorea
753825,Alyssum arenarium C.Presl,Alyssum montanum subsp. gmelinii (Jord.) Em.Schmid,Alyssum montanum subsp. gmelinii (Jord.) Em.Schmid,Alyssum gmelinii Jord.,Alyssum gmelinii,Lobularia maritima subsp. maritima,Lobularia maritima,Alyssum,Lobularia
753827,Alyssum alpinum Scop.,Alyssum montanum subsp. gmelinii (Jord.) Em.Schmid,Alyssum montanum subsp. gmelinii (Jord.) Em.Schmid,Alyssum gmelinii Jord.,Alyssum gmelinii,Kernera saxatilis (L.) Sweet,Kernera saxatilis,Alyssum,Kernera
755833,Aniba ovalifolia Mez,Aniba hypoglauca Sandwith,Aniba hypoglauca Sandwith,Aniba hypoglauca Sandwith,Aniba hypoglauca,Ocotea cujumary Mart.,Ocotea cujumary,Aniba,Ocotea
765634,Columnea divaricata (Poepp.) Walp.,Bellonia aspera L.,Bellonia aspera L.,Bellonia aspera L.,Bellonia aspera,Besleria divaricata Poepp.,Besleria divaricata,Bellonia,Besleria
768094,Derris robusta var. assamica Thoth.,Brachypterum robustum (Roxb. ex DC.) Dalzell & A.Gibson,Brachypterum robustum (Roxb. ex DC.) Dalzell & A.Gibson,Brachypterum robustum (Roxb. ex DC.) Dalzell & A.Gibson,Brachypterum robustum,Robinia pseudoacacia L.,Robinia pseudoacacia,Brachypterum,Robinia
769241,Mangifera silvestris Roxb.,Buchanania cochinchinensis (Lour.) M.R.Almeida,Buchanania cochinchinensis (Lour.) M.R.Almeida,Glycosmis cochinchinensis (Lour.) Pierre ex Engl.,Glycosmis cochinchinensis,Buchanania lanzan Spreng.,Buchanania lanzan,Glycosmis,Buchanania
769242,Buchanania lanzan Spreng.,Buchanania cochinchinensis (Lour.) M.R.Almeida,Buchanania cochinchinensis (Lour.) M.R.Almeida,Glycosmis cochinchinensis (Lour.) Pierre ex Engl.,Glycosmis cochinchinensis,Buchanania lanzan Spreng.,Buchanania lanzan,Glycosmis,Buchanania
769243,Spondias elliptica Rottb. ex Hook.f.,Buchanania cochinchinensis (Lour.) M.R.Almeida,Buchanania cochinchinensis (Lour.) M.R.Almeida,Glycosmis cochinchinensis (Lour.) Pierre ex Engl.,Glycosmis cochinchinensis,Buchanania lanzan Spreng.,Buchanania lanzan,Glycosmis,Buchanania
769244,Buchanania latifolia Roxb.,Buchanania cochinchinensis (Lour.) M.R.Almeida,Buchanania cochinchinensis (Lour.) M.R.Almeida,Glycosmis cochinchinensis (Lour.) Pierre ex Engl.,Glycosmis cochinchinensis,Buchanania lanzan Spreng.,Buchanania lanzan,Glycosmis,Buchanania
769245,Lanzana solitaria Stokes,Buchanania cochinchinensis (Lour.) M.R.Almeida,Buchanania cochinchinensis (Lour.) M.R.Almeida,Glycosmis cochinchinensis (Lour.) Pierre ex Engl.,Glycosmis cochinchinensis,Buchanania lanzan Spreng.,Buchanania lanzan,Glycosmis,Buchanania
769246,Lundia mangiferoides Puerari ex DC.,Buchanania cochinchinensis (Lour.) M.R.Almeida,Buchanania cochinchinensis (Lour.) M.R.Almeida,Glycosmis cochinchinensis (Lour.) Pierre ex Engl.,Glycosmis cochinchinensis,Buchanania lanzan Spreng.,Buchanania lanzan,Glycosmis,Buchanania
774493,Celtis ituriensis De Wild.,Celtis adolfi-friderici Engl.,Celtis adolfi-friderici Engl.,Celtis adolfi-friderici Engl.,Celtis adolfi-friderici,Trema orientale (L.) Blume,Trema orientale,Celtis,Trema
774494,Celtis fragifera A.Chev.,Celtis adolfi-friderici Engl.,Celtis adolfi-friderici Engl.,Celtis adolfi-friderici Engl.,Celtis adolfi-friderici,Sparrea gomphophylla (Baker) X.G.Fu & T.S.Yi,Sparrea gomphophylla,Celtis,Sparrea
777716,Cicendia quitensis (Kunth) Griseb.,Cicendia quadrangularis (Lam.) Griseb.,Cicendia quadrangularis (Lam.) Griseb.,Cicendia quadrangularis (Lam.) Griseb.,Cicendia quadrangularis,Zeltnera quitensis (Kunth) G.Mans.,Zeltnera quitensis,Cicendia,Zeltnera
781321,Ceanothus leschenaultii DC.,Colubrina asiatica (L.) Brongn.,Colubrina asiatica (L.) Brongn.,Colubrina asiatica (L.) Brongn.,Colubrina asiatica,Trema orientale (L.) Blume,Trema orientale,Colubrina,Trema
789861,Desmodium parviflorum f. yunnanense Pamp.,Desmodiastrum racemosum (Benth.) A.Pramanik & Thoth.,Desmodiastrum racemosum (Benth.) A.Pramanik & Thoth.,Desmodiastrum racemosum (Benth.) A.Pramanik & Thoth.,Desmodiastrum racemosum,Leptodesmia microphylla var. microphylla,Leptodesmia microphylla,Desmodiastrum,Leptodesmia
796182,Ocotea endlicheriopsis Mez,Endlicheria canescens Chanderbali,Endlicheria canescens Chanderbali,Endlicheria canescens Chanderbali,Endlicheria canescens,Ocotea endlicheriopsis Mez,Ocotea endlicheriopsis,Endlicheria,Ocotea
796184,Endlicheria endlicheriopsis (Mez) Kosterm.,Endlicheria canescens Chanderbali,Endlicheria canescens Chanderbali,Endlicheria canescens Chanderbali,Endlicheria canescens,Ocotea endlicheriopsis Mez,Ocotea endlicheriopsis,Endlicheria,Ocotea
799209,Eruca stenocarpa Boiss. & Reut.,Eruca vesicaria (L.) Cav.,Eruca vesicaria (L.) Cav.,Eruca vesicaria (L.) Cav.,Eruca vesicaria,Erucastrum nasturtiifolium subsp. nasturtiifolium,Erucastrum nasturtiifolium,Eruca,Erucastrum
801318,Sycopsis griffithiana Oliv.,Eustigma lenticellatum C.Y.Wu,Eustigma lenticellatum C.Y.Wu,Eustigma lenticellatum C.Y.Wu,Eustigma lenticellatum,Sycopsis griffithiana Oliv.,Sycopsis griffithiana,Eustigma,Sycopsis
801654,Acacia aegyptiaca Baill.,Faidherbia albida (Delile) A.Chev.,Faidherbia albida (Delile) A.Chev.,Faidherbia albida (Delile) A.Chev.,Faidherbia albida,Vachellia nilotica subsp. nilotica,Vachellia nilotica,Faidherbia,Vachellia
806470,Gentiana amarella subsp. chlorifolia (Nees) Arcang.,Gentianella germanica (Willd.) Börner,Gentianella germanica (Willd.) Börner,Gentianella germanica (Willd.) Börner,Gentianella germanica,Gentiana × chlorifolia Nees,Gentiana × chlorifolia,Gentianella,Gentiana
808282,Aillya umbellata var. procumbens (de Vriese) de Vriese,Goodenia filiformis R.Br.,Goodenia filiformis R.Br.,Goodenia filiformis R.Br.,Goodenia filiformis,Scaevola pulchella Carolin,Scaevola pulchella,Goodenia,Scaevola
808283,Aillya umbellata var. spathulata (de Vriese) de Vriese,Goodenia filiformis R.Br.,Goodenia filiformis R.Br.,Goodenia filiformis R.Br.,Goodenia filiformis,Scaevola pulchella Carolin,Scaevola pulchella,Goodenia,Scaevola
810929,Haplanthus neilgherryensis Wight,Haplanthodes Kuntze,Haplanthodes Kuntze,Haplanthodes Kuntze,,Haplanthodes neilgherryensis (Wight) R.B.Majumdar,Haplanthodes neilgherryensis,,Haplanthodes
811121,Cereus serruliflorus Haw.,Harrisia divaricata (Lam.) Backeb.,Harrisia divaricata (Lam.) Backeb.,Harrisia divaricata (Lam.) Backeb.,Harrisia divaricata,Serrulatocereus serruliflorus (Haw.) Guiggi,Serrulatocereus serruliflorus,Harrisia,Serrulatocereus
811199,Hariota clavata var. deliculata (Loefgr.) A.Cast.,Hatiora salicornoides (Haw.) Britton & Rose,Hatiora salicornoides (Haw.) Britton & Rose,Hatiora salicornoides (Haw.) Britton & Rose,Hatiora salicornoides,Rhipsalis clavata F.A.C.Weber,Rhipsalis clavata,Hatiora,Rhipsalis
811201,Hariota bambusoides var. delicatula (Loefgr.) A.Cast.,Hatiora salicornoides (Haw.) Britton & Rose,Hatiora salicornoides (Haw.) Britton & Rose,Hatiora salicornoides (Haw.) Britton & Rose,Hatiora salicornoides,Rhipsalis clavata F.A.C.Weber,Rhipsalis clavata,Hatiora,Rhipsalis
811825,Helianthemum alyssoides subsp. cheiranthoides (Lam.) Nyman,Helianthemum syriacum (Jacq.) Dum.Cours.,Helianthemum syriacum (Jacq.) Dum.Cours.,Helianthemum syriacum (Jacq.) Dum.Cours.,Helianthemum syriacum,Cistus × cheiranthoides Lam.,Cistus × cheiranthoides,Helianthemum,Cistus
813380,Heteropterys angustifolia f. lanceolata Nied.,Heteropterys glabra Hook. & Arn.,Heteropterys glabra Hook. & Arn.,Heteropterys glabra Hook. & Arn.,Heteropterys glabra,Banisteriopsis laevifolia (A.Juss.) B.Gates,Banisteriopsis laevifolia,Heteropterys,Banisteriopsis
815388,Pleurospermum lecomtianum H.Wolff,Hymenidium wilsonii (H.Boissieu) Pimenov & Kljuykov,Hymenidium wilsonii (H.Boissieu) Pimenov & Kljuykov,Hymenidium wilsonii (H.Boissieu) Pimenov & Kljuykov,Hymenidium wilsonii,Pleurospermum lecomtianum H.Wolff,Pleurospermum lecomtianum,Hymenidium,Pleurospermum
815713,Ilex heterophylla G.Don,Ilex aquifolium L.,Ilex aquifolium L.,Ilex aquifolium L.,Ilex aquifolium,Osmanthus heterophyllus (G.Don) P.S.Green,Osmanthus heterophyllus,Ilex,Osmanthus
817870,Robinsonia melianthifolia Willd.,Quiina guianensis Aubl.,Quiina guianensis Aubl.,Quiina guianensis Aubl.,Quiina guianensis,Touroulia guianensis Aubl.,Touroulia guianensis,Quiina,Touroulia
822876,Connarus decumbens Thunb.,Leobordea polycephala (E.Mey.) B.-E.van Wyk & Boatwr.,Leobordea polycephala (E.Mey.) B.-E.van Wyk & Boatwr.,Leobordea polycephala (E.Mey.) B.-E.van Wyk & Boatwr.,Leobordea polycephala,Lotononis triphylla (L.) Dorr,Lotononis triphylla,Leobordea,Lotononis
822898,Hermannia triphylla L.,Leobordea polycephala (E.Mey.) B.-E.van Wyk & Boatwr.,Leobordea polycephala (E.Mey.) B.-E.van Wyk & Boatwr.,Leobordea polycephala (E.Mey.) B.-E.van Wyk & Boatwr.,Leobordea polycephala,Lotononis triphylla (L.) Dorr,Lotononis triphylla,Leobordea,Lotononis
823856,Acrodiclidium guianense var. oppositifolium Meisn.,Dicypellium caryophyllaceum (Mart.) Nees & Mart.,Dicypellium caryophyllaceum (Mart.) Nees & Mart.,Dicypellium caryophyllaceum (Mart.) Nees & Mart.,Dicypellium caryophyllaceum,Licaria chrysophylla (Meisn.) Kosterm.,Licaria chrysophylla,Dicypellium,Licaria
823860,Acrodiclidium guianense var. reticulatum Meisn.,Dicypellium caryophyllaceum (Mart.) Nees & Mart.,Dicypellium caryophyllaceum (Mart.) Nees & Mart.,Dicypellium caryophyllaceum (Mart.) Nees & Mart.,Dicypellium caryophyllaceum,Licaria polyphylla (Nees) Kosterm.,Licaria polyphylla,Dicypellium,Licaria
823861,Acrodiclidium guianense Nees,Dicypellium caryophyllaceum (Mart.) Nees & Mart.,Dicypellium caryophyllaceum (Mart.) Nees & Mart.,Dicypellium caryophyllaceum (Mart.) Nees & Mart.,Dicypellium caryophyllaceum,Licaria polyphylla (Nees) Kosterm.,Licaria polyphylla,Dicypellium,Licaria
823863,Nectandra caudata Nees & Mart. ex Meisn.,Dicypellium caryophyllaceum (Mart.) Nees & Mart.,Dicypellium caryophyllaceum (Mart.) Nees & Mart.,Dicypellium caryophyllaceum (Mart.) Nees & Mart.,Dicypellium caryophyllaceum,Licaria polyphylla (Nees) Kosterm.,Licaria polyphylla,Dicypellium,Licaria
824817,Chenopodium acutifolium Kit. ex Schult.,"Lipandra polysperma (L.) S.Fuentes, Uotila & Borsch","Lipandra polysperma (L.) S.Fuentes, Uotila & Borsch","Lipandra polysperma (L.) S.Fuentes, Uotila & Borsch",Lipandra polysperma,Chenopodium standleyanum Aellen,Chenopodium standleyanum,Lipandra,Chenopodium
824821,Chenopodium polyspermum var. spicatum Klett & Richt.,"Lipandra polysperma (L.) S.Fuentes, Uotila & Borsch","Lipandra polysperma (L.) S.Fuentes, Uotila & Borsch","Lipandra polysperma (L.) S.Fuentes, Uotila & Borsch",Lipandra polysperma,Chenopodium standleyanum Aellen,Chenopodium standleyanum,Lipandra,Chenopodium
824855,Echinopsis dobeana (Dölz) J.G.Lamb.,Leucostele deserticola (Werderm.) Schlumpb.,Leucostele deserticola (Werderm.) Schlumpb.,Leucostele deserticola (Werderm.) Schlumpb.,Leucostele deserticola,Echinopsis aurea subsp. aurea,Echinopsis aurea,Leucostele,Echinopsis
825014,Tournefortia earlei Britton,Myriopus stenophyllus (Urb.) Feuillet,Myriopus stenophyllus (Urb.) Feuillet,Myriopus stenophyllus (Urb.) Feuillet,Myriopus stenophyllus,"Heliotropium earlei (Britton) Greuter, P.A.González & R.Rankin",Heliotropium earlei,Myriopus,Heliotropium
830610,Pyrus densiflora (Spach) Steud.,Aronia arbutifolia (L.) Pers.,Aronia arbutifolia (L.) Pers.,Aronia arbutifolia (L.) Pers.,Aronia arbutifolia,Aria edulis (Willd.) M.Roem.,Aria edulis,Aronia,Aria
830613,Aronia densiflora Spach,Aronia arbutifolia (L.) Pers.,Aronia arbutifolia (L.) Pers.,Aronia arbutifolia (L.) Pers.,Aronia arbutifolia,Aria edulis (Willd.) M.Roem.,Aria edulis,Aronia,Aria
830624,Sorbus densiflora (Spach) Heynh.,Aronia arbutifolia (L.) Pers.,Aronia arbutifolia (L.) Pers.,Aronia arbutifolia (L.) Pers.,Aronia arbutifolia,Aria edulis (Willd.) M.Roem.,Aria edulis,Aronia,Aria
841315,Bredemeyera altissima var. mollis (Triana & Planch.) A.W.Benn.,Bredemeyera divaricata (DC.) J.F.B.Pastore,Bredemeyera divaricata (DC.) J.F.B.Pastore,Bredemeyera divaricata (DC.) J.F.B.Pastore,Bredemeyera divaricata,Securidaca coriacea Bonpl.,Securidaca coriacea,Bredemeyera,Securidaca
847579,Peucedanum praeruptorum subsp. hirsutiusculum Ma,Kitagawia praeruptora (Dunn) Pimenov,Kitagawia praeruptora (Dunn) Pimenov,Kitagawia praeruptora (Dunn) Pimenov,Kitagawia praeruptora,Peucedanum harry-smithii var. harry-smithii,Peucedanum harry-smithii,Kitagawia,Peucedanum
847581,Peucedanum hirsutiusculum (Ma) V.M.Vinogr.,Kitagawia praeruptora (Dunn) Pimenov,Kitagawia praeruptora (Dunn) Pimenov,Kitagawia praeruptora (Dunn) Pimenov,Kitagawia praeruptora,Peucedanum harry-smithii var. harry-smithii,Peucedanum harry-smithii,Kitagawia,Peucedanum
847648,Richella discostigma (Diels) R.E.Fr.,Monanthotaxis montana (Engl. & Diels) P.H.Hoekstra,Monanthotaxis montana (Engl. & Diels) P.H.Hoekstra,Monanthotaxis montana (Engl. & Diels) P.H.Hoekstra,Monanthotaxis montana,Afroguatteria discostigma (Diels) X.Guo & R.M.K.Saunders,Afroguatteria discostigma,Monanthotaxis,Afroguatteria
847649,Oxymitra discostigma (Diels) Ghesq. ex Pellegr.,Monanthotaxis montana (Engl. & Diels) P.H.Hoekstra,Monanthotaxis montana (Engl. & Diels) P.H.Hoekstra,Monanthotaxis montana (Engl. & Diels) P.H.Hoekstra,Monanthotaxis montana,Afroguatteria discostigma (Diels) X.Guo & R.M.K.Saunders,Afroguatteria discostigma,Monanthotaxis,Afroguatteria
847650,Friesodielsia discostigma (Diels) Steenis,Monanthotaxis montana (Engl. & Diels) P.H.Hoekstra,Monanthotaxis montana (Engl. & Diels) P.H.Hoekstra,Monanthotaxis montana (Engl. & Diels) P.H.Hoekstra,Monanthotaxis montana,Afroguatteria discostigma (Diels) X.Guo & R.M.K.Saunders,Afroguatteria discostigma,Monanthotaxis,Afroguatteria
847651,Cleistopholis discostigma Diels,Monanthotaxis montana (Engl. & Diels) P.H.Hoekstra,Monanthotaxis montana (Engl. & Diels) P.H.Hoekstra,Monanthotaxis montana (Engl. & Diels) P.H.Hoekstra,Monanthotaxis montana,Afroguatteria discostigma (Diels) X.Guo & R.M.K.Saunders,Afroguatteria discostigma,Monanthotaxis,Afroguatteria
847652,Afroguatteria discostigma (Diels) X.Guo & R.M.K.Saunders,Monanthotaxis montana (Engl. & Diels) P.H.Hoekstra,Monanthotaxis montana (Engl. & Diels) P.H.Hoekstra,Monanthotaxis montana (Engl. & Diels) P.H.Hoekstra,Monanthotaxis montana,Afroguatteria discostigma (Diels) X.Guo & R.M.K.Saunders,Afroguatteria discostigma,Monanthotaxis,Afroguatteria
857445,Centaurea carthamoides Chevall.,Centaurea albonitens Turrill,Centaurea albonitens Turrill,Centaurea albonitens Turrill,Centaurea albonitens,Phonus lanatus (L.) Hill,Phonus lanatus,Centaurea,Phonus
859110,Vernonia floribunda Kunth,Vernonanthura patens (Kunth) H.Rob.,Vernonanthura patens (Kunth) H.Rob.,Vernonanthura patens (Kunth) H.Rob.,Vernonanthura patens,Critoniopsis floribunda (Kunth) H.Rob.,Critoniopsis floribunda,Vernonanthura,Critoniopsis
869632,Doronicum japonicum Lam.,Gynura japonica (Thunb.) Juel,Gynura japonica (Thunb.) Juel,Gynura japonica (Thunb.) Juel,Gynura japonica,Ligularia japonica var. japonica,Ligularia japonica,Gynura,Ligularia
869991,Senecio depilis Phil.,Dendrophorbium americanum (L.f.) C.Jeffrey,Dendrophorbium americanum (L.f.) C.Jeffrey,Dendrophorbium americanum (L.f.) C.Jeffrey,Dendrophorbium americanum,Acrisione denticulata var. denticulata,Acrisione denticulata,Dendrophorbium,Acrisione
870207,Werneria ciliata Wedd. ex Sch.Bip.,Werneria pectinata Lingelsh.,Werneria pectinata Lingelsh.,Rockhausenia pectinata (Lingelsh.) D.J.N.Hind,Rockhausenia pectinata,Werneria ciliolata A.Gray,Werneria ciliolata,Rockhausenia,Werneria
872500,Gnaphalium dealbatum var. luteofuscum (Webb) Lobin,Vellereophyton dealbatum (Thunb.) Hilliard & B.L.Burtt,Vellereophyton dealbatum (Thunb.) Hilliard & B.L.Burtt,Vellereophyton dealbatum (Thunb.) Hilliard & B.L.Burtt,Vellereophyton dealbatum,Pseudognaphalium luteoalbum (L.) Hilliard & B.L.Burtt,Pseudognaphalium luteoalbum,Vellereophyton,Pseudognaphalium
872501,Gnaphalium luteofuscum Webb,Vellereophyton dealbatum (Thunb.) Hilliard & B.L.Burtt,Vellereophyton dealbatum (Thunb.) Hilliard & B.L.Burtt,Vellereophyton dealbatum (Thunb.) Hilliard & B.L.Burtt,Vellereophyton dealbatum,Pseudognaphalium luteoalbum (L.) Hilliard & B.L.Burtt,Pseudognaphalium luteoalbum,Vellereophyton,Pseudognaphalium
872631,Gnaphalium lanatum G.Forst.,Euchiton involucratus (G.Forst.) Holub,Euchiton involucratus (G.Forst.) Holub,Euchiton involucratus (G.Forst.) Holub,Euchiton involucratus,"Pseudognaphalium lanatum (G.Forst.) Smissen, Breitw. & de Lange",Pseudognaphalium lanatum,Euchiton,Pseudognaphalium
874425,Leysera pilosella Thunb.,Afroaster hispidus (Thunb.) J.C.Manning & Goldblatt,Afroaster hispidus (Thunb.) J.C.Manning & Goldblatt,Afroaster hispidus (Thunb.) J.C.Manning & Goldblatt,Afroaster hispidus,Zyrphelis pilosella (Thunb.) Kuntze,Zyrphelis pilosella,Afroaster,Zyrphelis
886171,Eupatorium decipiens Hook. & Arn.,Ophryosporus triangularis Meyen,Ophryosporus triangularis Meyen,Ophryosporus triangularis Meyen,Ophryosporus triangularis,Heterocondylus decipiens (Hook. & Arn.) R.M.King & H.Rob.,Heterocondylus decipiens,Ophryosporus,Heterocondylus
890629,Vittaria lunulata Roxb.,Nesolindsaea caudata (Hook.) Lehtonen & Christenh.,Nesolindsaea caudata (Hook.) Lehtonen & Christenh.,Nesolindsaea caudata (Hook.) Lehtonen & Christenh.,Nesolindsaea caudata,Lindsaea parasitica (Roxb.) Wall. ex Hieron.,Lindsaea parasitica,Nesolindsaea,Lindsaea
890631,Lindsaea scandens Hook.,Nesolindsaea caudata (Hook.) Lehtonen & Christenh.,Nesolindsaea caudata (Hook.) Lehtonen & Christenh.,Nesolindsaea caudata (Hook.) Lehtonen & Christenh.,Nesolindsaea caudata,Lindsaea scandens Hook.,Lindsaea scandens,Nesolindsaea,Lindsaea
890632,Vittaria parasitica Roxb.,Nesolindsaea caudata (Hook.) Lehtonen & Christenh.,Nesolindsaea caudata (Hook.) Lehtonen & Christenh.,Nesolindsaea caudata (Hook.) Lehtonen & Christenh.,Nesolindsaea caudata,Lindsaea parasitica (Roxb.) Wall. ex Hieron.,Lindsaea parasitica,Nesolindsaea,Lindsaea
890633,Lindsaea bipinnata Roxb.,Nesolindsaea caudata (Hook.) Lehtonen & Christenh.,Nesolindsaea caudata (Hook.) Lehtonen & Christenh.,Nesolindsaea caudata (Hook.) Lehtonen & Christenh.,Nesolindsaea caudata,Lindsaea parasitica (Roxb.) Wall. ex Hieron.,Lindsaea parasitica,Nesolindsaea,Lindsaea
891494,Lindsaea alexandri var. bipinnata Hillebr.,Asplenium dielerectum Viane,Asplenium dielerectum Viane,Asplenium dielerectum Viane,Asplenium dielerectum,Lindsaea knudsenii Hillebr.,Lindsaea knudsenii,Asplenium,Lindsaea
891720,Trichomanes obtusum (Copel.) C.V.Morton,Hymenophyllum obtusum Hook. & Arn.,Hymenophyllum obtusum Hook. & Arn.,Hymenophyllum obtusum Hook. & Arn.,Hymenophyllum obtusum,Trichomanes maximum Blume,Trichomanes maximum,Hymenophyllum,Trichomanes
896062,Dryopteris strigosa (Willd.) C.Chr.,Ctenitis crinita (Poir.) Ching,Ctenitis crinita (Poir.) Ching,Ctenitis crinita (Poir.) Ching,Ctenitis crinita,Thelypteris strigosa (Willd.) Tardieu,Thelypteris strigosa,Ctenitis,Thelypteris
897528,Stenochlaena leptocarpa (Fée) Underw.,Lomariopsis spectabilis Mett.,Lomariopsis spectabilis Mett.,Lomariopsis spectabilis Mett.,Lomariopsis spectabilis,Teratophyllum leptocarpum (Fée) Holttum,Teratophyllum leptocarpum,Lomariopsis,Teratophyllum
900148,Cyathea remotifolia Bonap.,Alsophila simulans Baker,Alsophila simulans Baker,Alsophila simulans Baker,Alsophila simulans,Cyathea remotifolia Bonap.,Cyathea remotifolia,Alsophila,Cyathea
906255,Cyathea nigrescens (Hook.) J.Sm.,Thelypteris woodlarkensis (Copel.) Christenh.,Thelypteris woodlarkensis (Copel.) Christenh.,Thelypteris woodlarkensis (Copel.) Christenh.,Thelypteris woodlarkensis,Alsophila woodwardioides (Kaulf.) D.S.Conant,Alsophila woodwardioides,Thelypteris,Alsophila
907977,Anemone soyensis H.Boissieu,Anemonastrum flaccidum (Fr.Schmidt) Mosyakin,Anemonastrum flaccidum (Fr.Schmidt) Mosyakin,Anemonastrum flaccidum (Fr.Schmidt) Mosyakin,Anemonastrum flaccidum,Anemonoides soyensis (H.Boissieu) Holub,Anemonoides soyensis,Anemonastrum,Anemonoides
915538,Cytisus lotoides Pourr.,Chamaecytisus supinus subsp. supinus,Chamaecytisus supinus subsp. supinus,Chamaecytisus supinus subsp. supinus,Chamaecytisus supinus,Cytisus lotoides Pourr.,Cytisus lotoides,Chamaecytisus,Cytisus
915545,Chamaecytisus supinus var. gallicus (A.Kern. ex Willk. & Lange) C.Vicioso,Chamaecytisus supinus subsp. supinus,Chamaecytisus supinus subsp. supinus,Chamaecytisus supinus subsp. supinus,Chamaecytisus supinus,Cytisus lotoides Pourr.,Cytisus lotoides,Chamaecytisus,Cytisus
915552,Cytisus supinus var. gallicus (A.Kern. ex Willk. & Lange) Briq.,Chamaecytisus supinus subsp. supinus,Chamaecytisus supinus subsp. supinus,Chamaecytisus supinus subsp. supinus,Chamaecytisus supinus,Cytisus lotoides Pourr.,Cytisus lotoides,Chamaecytisus,Cytisus
915748,Cytisus benehoavensis (Bolle) Svent.,Cytisus scoparius subsp. scoparius,Cytisus scoparius subsp. scoparius,Cytisus scoparius subsp. scoparius,Cytisus scoparius,Convolvulus scoparius L.f.,Convolvulus scoparius,Cytisus,Convolvulus
917554,Nanophyton acutum (L.) Druce,Nanophyton erinaceum subsp. erinaceum,Nanophyton erinaceum subsp. erinaceum,Nanophyton erinaceum subsp. erinaceum,Nanophyton erinaceum,Polycnemum majus A.Braun ex Bogenh.,Polycnemum majus,Nanophyton,Polycnemum
917564,Camphorosma acuta L.,Nanophyton erinaceum subsp. erinaceum,Nanophyton erinaceum subsp. erinaceum,Nanophyton erinaceum subsp. erinaceum,Nanophyton erinaceum,Polycnemum majus A.Braun ex Bogenh.,Polycnemum majus,Nanophyton,Polycnemum
918698,Sedum griffithii C.B.Clarke,Rosularia adenotricha subsp. adenotricha,Rosularia adenotricha subsp. adenotricha,Rosularia adenotricha subsp. adenotricha,Rosularia adenotricha,Sedum griffithii C.B.Clarke,Sedum griffithii,Rosularia,Sedum
922719,Olmedia grandifolia Trécul,Maquira guianensis subsp. guianensis,Maquira guianensis subsp. guianensis,Maquira guianensis subsp. guianensis,Maquira guianensis,Perebea guianensis subsp. guianensis,Perebea guianensis,Maquira,Perebea
927982,Abelmoschus palustris (L.) Walp.,Abelmoschus moschatus subsp. moschatus,Abelmoschus moschatus subsp. moschatus,Abelmoschus moschatus subsp. moschatus,Abelmoschus moschatus,Hibiscus moscheutos subsp. moscheutos,Hibiscus moscheutos,Abelmoschus,Hibiscus
931261,Cardamine nasturtiifolia Steud.,Cardamine pratensis subsp. pratensis,Cardamine pratensis subsp. pratensis,Cardamine pratensis subsp. pratensis,Cardamine pratensis,Rorippa bonariensis var. bonariensis,Rorippa bonariensis,Cardamine,Rorippa
937526,Ilex ligustrina var. minutiflora (A.Rich.) Loes.,Ilex vomitoria subsp. vomitoria,Ilex vomitoria subsp. vomitoria,Ilex vomitoria subsp. vomitoria,Ilex vomitoria,Banara minutiflora (A.Rich.) Sleumer,Banara minutiflora,Ilex,Banara
937577,Ilex cuneifolia Hook.,Jodina rhombifolia subsp. rhombifolia,Jodina rhombifolia subsp. rhombifolia,Jodina rhombifolia subsp. rhombifolia,Jodina rhombifolia,Ilex obcordata var. obcordata,Ilex obcordata,Jodina,Ilex
938230,Carduus cynaroides Lam.,Cynara cardunculus subsp. cardunculus,Cynara cardunculus subsp. cardunculus,Cynara cardunculus subsp. cardunculus,Cynara cardunculus,Lamyropsis cynaroides (Lam.) Dittrich,Lamyropsis cynaroides,Cynara,Lamyropsis
938233,Chamaepeuce cynaroides (Lam.) DC.,Cynara cardunculus subsp. cardunculus,Cynara cardunculus subsp. cardunculus,Cynara cardunculus subsp. cardunculus,Cynara cardunculus,Lamyropsis cynaroides (Lam.) Dittrich,Lamyropsis cynaroides,Cynara,Lamyropsis
938236,Carduus cynara E.H.L.Krause,Cynara cardunculus subsp. cardunculus,Cynara cardunculus subsp. cardunculus,Cynara cardunculus subsp. cardunculus,Cynara cardunculus,Lamyropsis cynaroides (Lam.) Dittrich,Lamyropsis cynaroides,Cynara,Lamyropsis
939024,Carduus horridus Adams,Centaurea benedicta var. benedicta,Centaurea benedicta var. benedicta,Centaurea benedicta var. benedicta,Centaurea benedicta,"Lophiolepis horrida (Adams) Bureš, Del Guacchio, Iamonico & P.Caputo",Lophiolepis horrida,Centaurea,Lophiolepis
939071,Vernonia apocynifolia Baker,Cyanthillium cinereum var. cinereum,Cyanthillium cinereum var. cinereum,Cyanthillium cinereum var. cinereum,Cyanthillium cinereum,"Humbertacalia apocynifolia (Baker) Rabarim., Callm. & J.Calvo",Humbertacalia apocynifolia,Cyanthillium,Humbertacalia
943563,Asplenium bidentatum Willd.,Asplenium erosum var. erosum,Asplenium erosum var. erosum,Asplenium erosum var. erosum,Asplenium erosum,Hymenasplenium laetum (Sw.) L.Regalado & Prada,Hymenasplenium laetum,Asplenium,Hymenasplenium
946234,Galactia formosa (Griseb.) Stuck. ex Seckt,Nanogalactia heterophylla (Gillies ex Hook.) L.P.Queiroz,Nanogalactia heterophylla (Gillies ex Hook.) L.P.Queiroz,Nanogalactia heterophylla (Gillies ex Hook.) L.P.Queiroz,Nanogalactia heterophylla,Collaea argentina Griseb.,Collaea argentina,Nanogalactia,Collaea
946235,Collaea argentina Griseb.,Nanogalactia heterophylla (Gillies ex Hook.) L.P.Queiroz,Nanogalactia heterophylla (Gillies ex Hook.) L.P.Queiroz,Nanogalactia heterophylla (Gillies ex Hook.) L.P.Queiroz,Nanogalactia heterophylla,Collaea argentina Griseb.,Collaea argentina,Nanogalactia,Collaea
946237,Collaea formosa Griseb.,Nanogalactia heterophylla (Gillies ex Hook.) L.P.Queiroz,Nanogalactia heterophylla (Gillies ex Hook.) L.P.Queiroz,Nanogalactia heterophylla (Gillies ex Hook.) L.P.Queiroz,Nanogalactia heterophylla,Collaea argentina Griseb.,Collaea argentina,Nanogalactia,Collaea
1125807,Listrostachys pescatoriana (Lindl.) S.Moore,Oeoniella polystachys (Thouars) Schltr.,Oeoniella polystachys (Thouars) Schltr.,Oeoniella polystachys (Thouars) Schltr.,Oeoniella polystachys,Listrostachys pertusa (Lindl.) Rchb.f.,Listrostachys pertusa,Oeoniella,Listrostachys
1131554,Canistrum lindenii (Regel) Mez,Hohenbergia augusta (Vell.) É.Morren,Hohenbergia augusta (Vell.) É.Morren,Hohenbergia augusta (Vell.) É.Morren,Hohenbergia augusta,Edmundoa lindenii (Regel) Leme,Edmundoa lindenii,Hohenbergia,Edmundoa
1156839,Malveopsis spicata var. normalis Kuntze,Malvastrum americanum (L.) Torr.,Malvastrum americanum (L.) Torr.,Malvastrum americanum (L.) Torr.,Malvastrum americanum,Melochia spicata (L.) Fryxell,Melochia spicata,Malvastrum,Melochia
1156841,Melochia spicata (L.) Fryxell,Malvastrum americanum (L.) Torr.,Malvastrum americanum (L.) Torr.,Malvastrum americanum (L.) Torr.,Malvastrum americanum,Melochia spicata (L.) Fryxell,Melochia spicata,Malvastrum,Melochia
1156842,Visenia spicata (L.) Colla,Malvastrum americanum (L.) Torr.,Malvastrum americanum (L.) Torr.,Malvastrum americanum (L.) Torr.,Malvastrum americanum,Melochia spicata (L.) Fryxell,Melochia spicata,Malvastrum,Melochia
1156845,Malveopsis spicata (L.) Kuntze,Malvastrum americanum (L.) Torr.,Malvastrum americanum (L.) Torr.,Malvastrum americanum (L.) Torr.,Malvastrum americanum,Melochia spicata (L.) Fryxell,Melochia spicata,Malvastrum,Melochia
1156846,Malvastrum spicatum (L.) A.Gray,Malvastrum americanum (L.) Torr.,Malvastrum americanum (L.) Torr.,Malvastrum americanum (L.) Torr.,Malvastrum americanum,Melochia spicata (L.) Fryxell,Melochia spicata,Malvastrum,Melochia
1158113,Vigna stipulacea (Lam.) Kuntze,Pueraria montana var. lobata (Willd.) Maesen & S.M.Almeida ex Sanjappa & Predeep,Pueraria montana var. lobata (Willd.) Maesen & S.M.Almeida ex Sanjappa & Predeep,Pueraria montana var. lobata (Willd.) Maesen & S.M.Almeida ex Sanjappa & Predeep,Pueraria montana,Vigna stipulacea (Lam.) Kuntze,Vigna stipulacea,Pueraria,Vigna
1168053,Cumulopuntia berteroi (Colla) F.Ritter,Eriosyce subgibbosa (Haw.) Katt.,Eriosyce subgibbosa (Haw.) Katt.,Eriosyce subgibbosa (Haw.) Katt.,Eriosyce subgibbosa,Cumulopuntia berteroi (Colla) F.Ritter,Cumulopuntia berteroi,Eriosyce,Cumulopuntia
1168061,Opuntia berteroi (Colla) A.E.Hoffm.,Eriosyce subgibbosa (Haw.) Katt.,Eriosyce subgibbosa (Haw.) Katt.,Eriosyce subgibbosa (Haw.) Katt.,Eriosyce subgibbosa,Cumulopuntia berteroi (Colla) F.Ritter,Cumulopuntia berteroi,Eriosyce,Cumulopuntia
1168062,Echinocactus berteroi (Colla) Gay,Eriosyce subgibbosa (Haw.) Katt.,Eriosyce subgibbosa (Haw.) Katt.,Eriosyce subgibbosa (Haw.) Katt.,Eriosyce subgibbosa,Cumulopuntia berteroi (Colla) F.Ritter,Cumulopuntia berteroi,Eriosyce,Cumulopuntia
1176136,Caesalpinia pyramidata (Mill.) Martyn,Cenostigma gaumeri (Greenm.) Gagnon & G.P.Lewis,Cenostigma gaumeri (Greenm.) Gagnon & G.P.Lewis,Cenostigma gaumeri (Greenm.) Gagnon & G.P.Lewis,Cenostigma gaumeri,Erythrostemon yucatanensis var. yucatanensis,Erythrostemon yucatanensis,Cenostigma,Erythrostemon
1176682,Arenaria arctica var. hondoensis (Ohwi) H.Hara,Cherleria arctica (Steven ex Ser.) A.J.Moore & Dillenb.,Cherleria arctica (Steven ex Ser.) A.J.Moore & Dillenb.,Cherleria arctica (Steven ex Ser.) A.J.Moore & Dillenb.,Cherleria arctica,Minuartia hondoensis (Ohwi) Ohwi,Minuartia hondoensis,Cherleria,Minuartia
1177392,Arctium majus subsp. intermedium (Lange) Nyman,Cousinia chlorocephala C.A.Mey. ex DC.,Cousinia chlorocephala C.A.Mey. ex DC.,Cousinia chlorocephala C.A.Mey. ex DC.,Cousinia chlorocephala,Arctium nemorosum Lej.,Arctium nemorosum,Cousinia,Arctium
1177393,Lappa intermedium (Lange) Lange,Cousinia chlorocephala C.A.Mey. ex DC.,Cousinia chlorocephala C.A.Mey. ex DC.,Cousinia chlorocephala C.A.Mey. ex DC.,Cousinia chlorocephala,Arctium nemorosum Lej.,Arctium nemorosum,Cousinia,Arctium
1179735,Shawia arguta (Benth.) Britten,Camptacra gracilis (Benth.) Lander,Camptacra gracilis (Benth.) Lander,Camptacra gracilis (Benth.) Lander,Camptacra gracilis,Olearia arguta Benth.,Olearia arguta,Camptacra,Olearia
1181926,Parahemionitis arifolia (Burm.f.) Panigrahi,Acrostichum aureum L.,Acrostichum aureum L.,Acrostichum aureum L.,Acrostichum aureum,Hemionitis arifolia (Burm.f.) T.Moore,Hemionitis arifolia,Acrostichum,Hemionitis
1181927,Gymnogramma arifolia (Burm.f.) Kuhn,Acrostichum aureum L.,Acrostichum aureum L.,Acrostichum aureum L.,Acrostichum aureum,Hemionitis arifolia (Burm.f.) T.Moore,Hemionitis arifolia,Acrostichum,Hemionitis
1181928,Hemionitis arifolia (Burm.f.) T.Moore,Acrostichum aureum L.,Acrostichum aureum L.,Acrostichum aureum L.,Acrostichum aureum,Hemionitis arifolia (Burm.f.) T.Moore,Hemionitis arifolia,Acrostichum,Hemionitis
1188857,Matricaria valentina (L.) L.,Porophyllum ruderale var. ruderale,Porophyllum ruderale var. ruderale,Porophyllum ruderale var. ruderale,Porophyllum ruderale,Anacyclus radiatus Loisel.,Anacyclus radiatus,Porophyllum,Anacyclus
1194536,Coprosma dentata (Elmer) Heads,Nertera granadensis var. granadensis,Nertera granadensis var. granadensis,Nertera granadensis var. granadensis,Nertera granadensis,Hemiphragma heterophyllum var. dentatum (Elmer) T.Yamaz.,Hemiphragma heterophyllum,Nertera,Hemiphragma
1197043,Anoectochilus lowii T.Br.,Dossinia marmorata C.Morren,Dossinia marmorata C.Morren,Dossinia marmorata C.Morren,Dossinia marmorata,Anoectochilus brevilabris Lindl.,Anoectochilus brevilabris,Dossinia,Anoectochilus
1197646,Octomeria stellata (Lindl.) Spreng.,Eria javanica (Sw.) Blume,Eria javanica (Sw.) Blume,Bulbophyllum gibbosum (Blume) Lindl.,Bulbophyllum gibbosum,Eria stellata Lindl.,Eria stellata,Bulbophyllum,Eria
1197648,Tainia stellata (Lindl.) Pfitzer,Eria javanica (Sw.) Blume,Eria javanica (Sw.) Blume,Bulbophyllum gibbosum (Blume) Lindl.,Bulbophyllum gibbosum,Eria stellata Lindl.,Eria stellata,Bulbophyllum,Eria
1197649,Eria rugosa (Blume) Lindl.,Eria javanica (Sw.) Blume,Eria javanica (Sw.) Blume,Bulbophyllum gibbosum (Blume) Lindl.,Bulbophyllum gibbosum,Eria stellata Lindl.,Eria stellata,Bulbophyllum,Eria
1197650,Pinalia fragrans (Rchb.f.) Kuntze,Eria javanica (Sw.) Blume,Eria javanica (Sw.) Blume,Bulbophyllum gibbosum (Blume) Lindl.,Bulbophyllum gibbosum,Eria stellata Lindl.,Eria stellata,Bulbophyllum,Eria
1197651,Pinalia stellata (Lindl.) Kuntze,Eria javanica (Sw.) Blume,Eria javanica (Sw.) Blume,Bulbophyllum gibbosum (Blume) Lindl.,Bulbophyllum gibbosum,Eria stellata Lindl.,Eria stellata,Bulbophyllum,Eria
1197652,Pinalia rugosa (Blume) Kuntze,Eria javanica (Sw.) Blume,Eria javanica (Sw.) Blume,Bulbophyllum gibbosum (Blume) Lindl.,Bulbophyllum gibbosum,Eria stellata Lindl.,Eria stellata,Bulbophyllum,Eria
1197653,Pinalia striolata (Rchb.f.) Kuntze,Eria javanica (Sw.) Blume,Eria javanica (Sw.) Blume,Bulbophyllum gibbosum (Blume) Lindl.,Bulbophyllum gibbosum,Eria stellata Lindl.,Eria stellata,Bulbophyllum,Eria
1214565,Dupatya vaginata (Körn.) Kuntze,Syngonanthus fischerianus (Bong.) Ruhland,Syngonanthus fischerianus (Bong.) Ruhland,Syngonanthus fischerianus (Bong.) Ruhland,Syngonanthus fischerianus,Paepalanthus vaginatus Körn.,Paepalanthus vaginatus,Syngonanthus,Paepalanthus
1223156,Vilfa frondosa C.Presl,Agrostis castellana Boiss. & Reut.,Agrostis castellana Boiss. & Reut.,Agrostis castellana Boiss. & Reut.,Agrostis castellana,Polypogon viridis (Gouan) Breistr.,Polypogon viridis,Agrostis,Polypogon
1257628,Feuilleea terminalis Kuntze,Albizia polycephala (Benth.) Killip,Albizia polycephala (Benth.) Killip,Pseudalbizzia polycephala (Benth.) E.J.M.Koenen & Duno,Pseudalbizzia polycephala,"Hydrochorea pedicellaris (DC.) M.V.B.Soares, Iganci & M.P.Morim",Hydrochorea pedicellaris,Pseudalbizzia,Hydrochorea
1267544,Chrysoxylon vinhatico Casar.,Dimorphandra exaltata Schott,Dimorphandra exaltata Schott,Dimorphandra exaltata Schott,Dimorphandra exaltata,Plathymenia reticulata Benth.,Plathymenia reticulata,Dimorphandra,Plathymenia
1269317,Eruca vesicaria var. stenocarpa (Boiss. & Reut.) Thell.,Eruca vesicaria (L.) Cav.,Eruca vesicaria (L.) Cav.,Eruca vesicaria (L.) Cav.,Eruca vesicaria,Erucastrum nasturtiifolium subsp. nasturtiifolium,Erucastrum nasturtiifolium,Eruca,Erucastrum
1269321,Eruca sativa var. stenocarpa (Boiss. & Reut.) Coss.,Eruca vesicaria (L.) Cav.,Eruca vesicaria (L.) Cav.,Eruca vesicaria (L.) Cav.,Eruca vesicaria,Erucastrum nasturtiifolium subsp. nasturtiifolium,Erucastrum nasturtiifolium,Eruca,Erucastrum
1269328,Eruca sativa subsp. stenocarpa (Boiss. & Reut.) Maire,Eruca vesicaria (L.) Cav.,Eruca vesicaria (L.) Cav.,Eruca vesicaria (L.) Cav.,Eruca vesicaria,Erucastrum nasturtiifolium subsp. nasturtiifolium,Erucastrum nasturtiifolium,Eruca,Erucastrum
1271977,Haplanthus tentaculatus var. neilgherryensis (Wight) C.B.Clarke,Haplanthodes Kuntze,Haplanthodes Kuntze,Haplanthodes Kuntze,,Haplanthodes neilgherryensis (Wight) R.B.Majumdar,Haplanthodes neilgherryensis,,Haplanthodes
1271979,Bremekampia neilgherryensis (Wight) Sreem.,Haplanthodes Kuntze,Haplanthodes Kuntze,Haplanthodes Kuntze,,Haplanthodes neilgherryensis (Wight) R.B.Majumdar,Haplanthodes neilgherryensis,,Haplanthodes
1272017,Harrisia serruliflora (Haw.) Lourteig,Harrisia divaricata (Lam.) Backeb.,Harrisia divaricata (Lam.) Backeb.,Harrisia divaricata (Lam.) Backeb.,Harrisia divaricata,Serrulatocereus serruliflorus (Haw.) Guiggi,Serrulatocereus serruliflorus,Harrisia,Serrulatocereus
1272019,Serrulatocereus serruliflorus (Haw.) Guiggi,Harrisia divaricata (Lam.) Backeb.,Harrisia divaricata (Lam.) Backeb.,Harrisia divaricata (Lam.) Backeb.,Harrisia divaricata,Serrulatocereus serruliflorus (Haw.) Guiggi,Serrulatocereus serruliflorus,Harrisia,Serrulatocereus
1273407,Robinsonia guianensis (Aubl.) J.F.Gmel.,Quiina guianensis Aubl.,Quiina guianensis Aubl.,Quiina guianensis Aubl.,Quiina guianensis,Touroulia guianensis Aubl.,Touroulia guianensis,Quiina,Touroulia
1281057,× Rowleyara hildmannii (Hildm.) P.V.Heath,Disocactus crenatus subsp. kimnachii (Bavo) M.Á.Cruz & S.Arias,Disocactus crenatus subsp. kimnachii (Bavo) M.Á.Cruz & S.Arias,Disocactus crenatus subsp. kimnachii (Bavo) M.Á.Cruz & S.Arias,Disocactus crenatus,× Disoselenicereus hildmannii (Hildm.) M.H.J.van der Meer,× Disoselenicereus hildmannii,Disocactus,× Disoselenicereus
1292576,Anemonoides soyensis (H.Boissieu) Holub,Anemonastrum flaccidum (Fr.Schmidt) Mosyakin,Anemonastrum flaccidum (Fr.Schmidt) Mosyakin,Anemonastrum flaccidum (Fr.Schmidt) Mosyakin,Anemonastrum flaccidum,Anemonoides soyensis (H.Boissieu) Holub,Anemonoides soyensis,Anemonastrum,Anemonoides
1295145,Maquira grandifolia (Trécul) Baill. ex Benth. & Hook.f.,Maquira guianensis subsp. guianensis,Maquira guianensis subsp. guianensis,Maquira guianensis subsp. guianensis,Maquira guianensis,Perebea guianensis subsp. guianensis,Perebea guianensis,Maquira,Perebea
1297071,Cirsium horridum (Adams) Petr.,Centaurea benedicta var. benedicta,Centaurea benedicta var. benedicta,Centaurea benedicta var. benedicta,Centaurea benedicta,"Lophiolepis horrida (Adams) Bureš, Del Guacchio, Iamonico & P.Caputo",Lophiolepis horrida,Centaurea,Lophiolepis
1297519,Placus membranaceus (DC.) Kuntze,Pluchea paniculata var. paniculata,Pluchea paniculata var. paniculata,Pluchea paniculata var. paniculata,Pluchea paniculata,Blumea membranacea DC.,Blumea membranacea,Pluchea,Blumea
